id,source,url
I6Cpn3AB91Up_Lur6z4p,juejin,https://juejin.im/post/5e53d8686fb9a07c9854ed68
JKCpn3AB91Up_Lur6z4p,juejin,https://juejin.im/post/5df99a2e518825123751c11f
JaCpn3AB91Up_Lur6z4p,juejin,https://juejin.im/post/5cefd68551882559685b3c1c
JqCpn3AB91Up_Lur6z4p,juejin,https://juejin.im/post/5baaebd46fb9a05cfa2fc8d8
J6Cpn3AB91Up_Lur6z4p,juejin,https://juejin.im/post/5df3478251882512727f2340
KKCpn3AB91Up_Lur6z4p,juejin,https://juejin.im/post/5d552066518825056144e7ba
KaCpn3AB91Up_Lur6z4p,juejin,https://juejin.im/post/5df3454fe51d455820601c09
KqCpn3AB91Up_Lur6z4p,juejin,https://juejin.im/post/5df342296fb9a01631781191
K6Cpn3AB91Up_Lur6z4p,juejin,https://www.oschina.net/translate/showdown-mysql-8-vs-postgresql-10?lang=chs&page=1#
LKCpn3AB91Up_Lur6z4p,juejin,https://juejin.im/post/5c8f60b66fb9a070e46229bd
LaCpn3AB91Up_Lur6z4p,juejin,https://juejin.im/post/5dc1443ce51d456e49441e49
LqCpn3AB91Up_Lur6z4p,juejin,https://juejin.im/post/5cd6a2606fb9a0324c20d970
L6Cpn3AB91Up_Lur6z4p,juejin,https://juejin.im/post/5dc515476fb9a04aa416d2e8
MKCpn3AB91Up_Lur6z4p,juejin,https://juejin.im/post/5dd544ed6fb9a05a6f3ec223
MaCpn3AB91Up_Lur6z4p,juejin,https://blog.timescale.com/blog/building-a-distributed-time-series-database-on-postgresql/
MqCpn3AB91Up_Lur6z4p,juejin,https://juejin.im/post/5d6f1c4c518825618e67ab3f
M6Cpn3AB91Up_Lur6z4p,juejin,https://juejin.im/post/5c8fb5996fb9a070b96f011d
NKCpn3AB91Up_Lur6z4p,juejin,https://juejin.im/post/5c52ec8ee51d457d1b7f7ef3
NaCpn3AB91Up_Lur6z4p,juejin,https://juejin.im/post/5ddfb9b1518825434771d0fc
NqCpn3AB91Up_Lur6z4p,juejin,https://juejin.im/post/5e169cfae51d4523a6336e35
N6Cpn3AB91Up_Lur6z4p,juejin,https://juejin.im/post/5d0774bae51d4558936aa07c
OKCpn3AB91Up_Lur6z4p,juejin,https://juejin.im/post/5dd78a42e51d452306073403
OaCpn3AB91Up_Lur6z4p,juejin,https://juejin.im/post/5cdac101e51d453d022cb666
OqCpn3AB91Up_Lur6z4p,juejin,https://juejin.im/post/5b9b2cb2f265da0af93aed67
O6Cpn3AB91Up_Lur6z4p,juejin,https://juejin.im/post/5b4eaeb6e51d4519634fbb8c
PKCpn3AB91Up_Lur6z4p,juejin,https://juejin.im/post/5abdb4e6f265da237d031cbe
PaCpn3AB91Up_Lur6z4p,juejin,https://parallelthoughts.xyz/2019/05/a-tale-of-query-optimization/
PqCpn3AB91Up_Lur6z4p,juejin,https://juejin.im/post/5b5544b46fb9a04fe44ba1c5
P6Cpn3AB91Up_Lur6z4p,juejin,https://juejin.im/post/5c2f51e4f265da614a3aa3a4
QKCpn3AB91Up_Lur6z4p,juejin,https://juejin.im/post/5bacb684e51d450e9d64ac79
QaCpn3AB91Up_Lur6z4p,juejin,https://www.oschina.net/translate/goodbye-mongodb-hello-postgresql
QqCpn3AB91Up_Lur6z4p,juejin,https://www.theguardian.com/info/2018/nov/30/bye-bye-mongo-hello-postgres
Q6Cpn3AB91Up_Lur6z4p,juejin,https://juejin.im/post/5cda8700518825074a4eaf5b
RKCpn3AB91Up_Lur6z4p,juejin,https://eng.uber.com/mysql-migration/
RaCpn3AB91Up_Lur6z4p,juejin,http://mherman.org/blog/2016/03/13/designing-a-restful-api-with-node-and-postgres/#.Vu94UBJ97dQ
RqCpn3AB91Up_Lur6z4p,juejin,https://draveness.me/database-concurrency-control.html
R6Cpn3AB91Up_Lur6z4p,juejin,https://juejin.im/post/5db7bec2e51d4529fb4f90c9
SKCpn3AB91Up_Lur6z4p,juejin,https://juejin.im/post/5c37e4786fb9a049c6440dae
SaCpn3AB91Up_Lur6z4p,juejin,https://juejin.im/post/5c61198af265da2d9c384cd8
SqCpn3AB91Up_Lur6z4p,juejin,https://juejin.im/post/58fa9d1d0ce4630061200774
S6Cpn3AB91Up_Lur6z4p,juejin,https://juejin.im/post/5c2f52505188252620580ee2
TKCpn3AB91Up_Lur6z4p,juejin,https://juejin.im/post/5cbb260bf265da03a54c1a18
TaCpn3AB91Up_Lur6z4p,juejin,http://mherman.org/blog/2016/03/13/designing-a-restful-api-with-node-and-postgres/#.VuzXRpN95Sw
TqCpn3AB91Up_Lur6z4p,juejin,http://www.postgres.cn/news/viewone/1/283
T6Cpn3AB91Up_Lur6z4p,juejin,https://juejin.im/post/5ca9d4b36fb9a05e15301cab
UKCpn3AB91Up_Lur6z4p,juejin,https://www.cnblogs.com/flying-tiger/p/9567213.html
UaCpn3AB91Up_Lur6z4p,juejin,https://juejin.im/post/5d9ede636fb9a04e343d5444
UqCpn3AB91Up_Lur6z4p,juejin,https://s.amaprd.cc/yunqi/articles/71128?_=gold
U6Cpn3AB91Up_Lur6z4p,juejin,http://click.aliyun.com/m/7042/
VKCpn3AB91Up_Lur6z4p,juejin,http://www.jianshu.com/p/022ba2dd9239
VaCpn3AB91Up_Lur6z4p,juejin,https://www.oschina.net/translate/postgres-features
VqCpn3AB91Up_Lur6z4p,juejin,http://dbaplus.cn/news-21-595-1.html
V6Cpn3AB91Up_Lur6z4p,juejin,https://juejin.im/post/5cb54bd7518825324d1df26b
WKCpn3AB91Up_Lur6z4p,juejin,http://osdbablog.sinaapp.com/540.html
WaCpn3AB91Up_Lur6z4p,juejin,https://yq.aliyun.com/articles/52405
WqCpn3AB91Up_Lur6z4p,juejin,https://juejin.im/post/5b4c047af265da0f7d4eecb9
W6Cpn3AB91Up_Lur6z4p,juejin,https://github.com/knq/usql
XKCpn3AB91Up_Lur6z4p,juejin,https://juejin.im/post/5c58f15c518825622930184c
XaCpn3AB91Up_Lur6z4p,juejin,https://juejin.im/post/597008f46fb9a06bc17c5621
XqCpn3AB91Up_Lur6z4p,juejin,http://wulfric.me/2016/03/ruby-on-rails-on-aliyun/
X6Cpn3AB91Up_Lur6z4p,juejin,http://yq.aliyun.com/articles/2727
YKCpn3AB91Up_Lur6z4p,juejin,https://juejin.im/post/5959aa1b5188250d9a3ebd79
YaCpn3AB91Up_Lur6z4p,juejin,http://scarletsky.github.io/2017/04/26/client-authentication-in-postgresql/
YqCpn3AB91Up_Lur6z4p,juejin,https://www.postgresql.org/about/news/1786/
Y6Cpn3AB91Up_Lur6z4p,juejin,http://click.aliyun.com/m/8027/
ZKCpn3AB91Up_Lur6z4p,juejin,https://www.oschina.net/translate/postgres-planner-and-its-usage-of-statistics
ZaCpn3AB91Up_Lur6z4p,juejin,https://www.sdk.cn/news/3659
ZqCpn3AB91Up_Lur6z4p,juejin,http://www.cnblogs.com/zhenbianshu/p/7795247.html
Z6Cpn3AB91Up_Lur6z4p,juejin,http://linbingdong.com/2016/12/08/%E5%AD%A6%E4%B9%A0PostgreSQL%E4%B8%8D%E5%8F%AF%E9%94%99%E8%BF%87%E7%9A%84%E4%B8%80%E7%AF%87%E6%96%87%E7%AB%A0/
aKCpn3AB91Up_Lur6z4p,juejin,https://juejin.im/post/58eb6740ac502e4957cd5c72
aaCpn3AB91Up_Lur6z4p,juejin,https://www.zybuluo.com/liuhui0803/note/536242
aqCpn3AB91Up_Lur6z4p,juejin,https://github.com/PostgresApp/PostgresApp
a6Cpn3AB91Up_Lur6z4p,juejin,https://blog.twitch.tv/how-twitch-uses-postgresql-c34aa9e56f58#.fhd7l2wi9
bKCpn3AB91Up_Lur6z4p,juejin,https://yq.aliyun.com/articles/57710?&utm_source=qq
baCpn3AB91Up_Lur6z4p,juejin,http://geek.csdn.net/news/detail/192608
bqCpn3AB91Up_Lur6z4p,juejin,http://jeremyraines.com/2016/10/11/7-more-useful-sql-and-or-postgres-techniques.html
b6Cpn3AB91Up_Lur6z4p,juejin,https://github.com/begriffs/postgrest
cKCpn3AB91Up_Lur6z4p,juejin,http://click.aliyun.com/m/7942/
caCpn3AB91Up_Lur6z4p,juejin,http://sorentwo.com/2013/12/30/let-postgres-do-the-work.html
cqCpn3AB91Up_Lur6z4p,juejin,https://zhuanlan.zhihu.com/p/30668088?group_id=909386645582389248
c6Cpn3AB91Up_Lur6z4p,juejin,https://github.com/Vincit/moron.js
dKCpn3AB91Up_Lur6z4p,juejin,https://github.com/dhamaniasad/awesome-postgres
daCpn3AB91Up_Lur6z4p,juejin,https://www.cnblogs.com/zhenbianshu/p/8253131.html
dqCpn3AB91Up_Lur6z4p,juejin,https://blog.garage-coding.com/2016/07/16/analyzing-postgres-logs-with-pgbadger.html
d6Cpn3AB91Up_Lur6z4p,juejin,http://www.craigkerstiens.com/2017/04/30/why-postgres-five-years-later/
eKCpn3AB91Up_Lur6z4p,juejin,https://sdk.cn/news/3659
eaCpn3AB91Up_Lur6z4p,juejin,https://www.sdk.cn/news/3561
eqCpn3AB91Up_Lur6z4p,juejin,http://mp.weixin.qq.com/s/iBbVfmrTCxINlrbBS9u1Qw
e6Cpn3AB91Up_Lur6z4p,juejin,https://yq.aliyun.com/articles/58246?utm_content=m_5408?&utm_source=qq
fKCpn3AB91Up_Lur6z4p,juejin,https://juejin.im/post/58db649aac502e0058f56918
faCpn3AB91Up_Lur6z4p,juejin,http://click.aliyun.com/m/6627/
fqCpn3AB91Up_Lur6z4p,juejin,http://blog.scoutapp.com/articles/2016/07/12/how-to-make-text-searches-in-postgresql-faster-with-trigram-similarity
f6Cpn3AB91Up_Lur6z4p,juejin,https://juejin.im/post/591bad16a0bb9f005f0ef3cb
gKCpn3AB91Up_Lur6z4p,juejin,http://www.postgresguide.com/
gaCpn3AB91Up_Lur6z4p,juejin,https://zhuanlan.zhihu.com/p/23189579
gqCpn3AB91Up_Lur6z4p,juejin,https://jtr109.github.io/2017/10/18/after-postgresql-upgrade/
g6Cpn3AB91Up_Lur6z4p,juejin,http://postgresguide.com/
hKCpn3AB91Up_Lur6z4p,juejin,https://segmentfault.com/a/1190000008332604
haCpn3AB91Up_Lur6z4p,juejin,http://madusudanan.com/blog/all-you-need-to-know-about-sorting-in-postgres/?utm_source=postgresweekly&utm_medium=email
hqCpn3AB91Up_Lur6z4p,juejin,https://www.depesz.com/2012/12/02/what-is-the-point-of-bouncing/
h6Cpn3AB91Up_Lur9j43,juejin,http://click.aliyun.com/m/8111/
iKCpn3AB91Up_Lur9j43,juejin,https://www.sdk.cn/news/3381
iaCpn3AB91Up_Lur9j43,juejin,http://instagram-engineering.tumblr.com/post/40781627982/handling-growth-with-postgres-5-tips-from
iqCpn3AB91Up_Lur9j43,juejin,http://www.infoq.com/cn/news/2018/04/sql-azure-mysql-postgresql-ga
i6Cpn3AB91Up_Lur9j43,juejin,https://www.postgresql.org/about/news/1749/
jKCpn3AB91Up_Lur9j43,juejin,https://github.com/dbcli/pgcli
jaCpn3AB91Up_Lur9j43,juejin,https://en.wikibooks.org/wiki/converting_mysql_to_postgresql
jqCpn3AB91Up_Lur9j43,juejin,https://wiki.postgresql.org/wiki/Why_PostgreSQL_Instead_of_MySQL_2009
j6Cpn3AB91Up_Lur9j43,juejin,http://click.aliyun.com/m/7542/
kKCpn3AB91Up_Lur9j43,juejin,https://mp.weixin.qq.com/s/4_W3rrffg7H8u0ww3cJlBg
kaCpn3AB91Up_Lur9j43,juejin,https://www.postgresql.org/about/news/1783/
kqCpn3AB91Up_Lur9j43,juejin,https://juejin.im/post/5a688ede6fb9a01cba42c142
k6Cpn3AB91Up_Lur9j43,juejin,https://cloud.tencent.com/developer/salon/salon-1109?channel=juejin
lKCpn3AB91Up_Lur9j43,juejin,https://github.com/ty4z2008/Qix/blob/master/pg.md
laCqn3AB91Up_LurBT7i,juejin,https://juejin.im/post/5e59cd6ce51d4526cd1dee43
lqCqn3AB91Up_LurBT7i,juejin,https://juejin.im/post/5e5817b4518825496327624a
l6Cqn3AB91Up_LurBT7i,juejin,https://juejin.im/post/5e1d68fc6fb9a0300b4c0eac
mKCqn3AB91Up_LurBT7i,juejin,https://juejin.im/post/5bdfb387e51d452c8e0aa902
maCqn3AB91Up_LurBT7i,juejin,https://juejin.im/post/5e4a1b9ff265da57685db8b5
mqCqn3AB91Up_LurBT7i,juejin,https://juejin.im/post/5e4e970a51882548ff3a9373
m6Cqn3AB91Up_LurBT7i,juejin,https://juejin.im/post/5dd10c2c6fb9a020156232b5
nKCqn3AB91Up_LurBT7i,juejin,https://juejin.im/post/5e4fb8b951882549453861b7
naCqn3AB91Up_LurBT7i,juejin,https://juejin.im/post/5e54e78e51882549554866d4
nqCqn3AB91Up_LurBT7i,juejin,https://juejin.im/post/5e4def3d518825490455cfbf
n6Cqn3AB91Up_LurBT7i,juejin,https://juejin.im/post/5d271332f265da1b934e2d48
oKCqn3AB91Up_LurBT7i,juejin,https://juejin.im/post/5e1df97e6fb9a02fee1ed2db
oaCqn3AB91Up_LurBT7i,juejin,https://juejin.im/post/5bad9140e51d450e935c6d64
oqCqn3AB91Up_LurBT7i,juejin,https://juejin.im/post/5b07caf16fb9a07aa83f2977
o6Cqn3AB91Up_LurBT7i,juejin,https://juejin.im/post/5d4fc705f265da03a6530896
pKCqn3AB91Up_LurBT7i,juejin,https://juejin.im/post/5e1895fe6fb9a02fb85adc83
paCqn3AB91Up_LurBT7i,juejin,https://juejin.im/post/5bc009996fb9a05d0a055192
pqCqn3AB91Up_LurBT7i,juejin,https://juejin.im/post/5b90e00e6fb9a05cf9080dff
p6Cqn3AB91Up_LurBT7i,juejin,http://web.jobbole.com/94928/
qKCqn3AB91Up_LurBT7i,juejin,https://juejin.im/post/5d6e68f8e51d45620064bba4
qaCqn3AB91Up_LurBT7i,juejin,https://juejin.im/post/5b34e6ba51882574d20bbdd4
qqCqn3AB91Up_LurBT7i,juejin,https://juejin.im/post/5e2056c2e51d4577794c0854
q6Cqn3AB91Up_LurBT7i,juejin,https://zhuanlan.zhihu.com/p/35659612
rKCqn3AB91Up_LurBT7i,juejin,https://juejin.im/post/5b1930835188257d7541ba33
raCqn3AB91Up_LurBT7i,juejin,https://juejin.im/post/5ab46c9ef265da239b415ce1
rqCqn3AB91Up_LurBT7i,juejin,https://juejin.im/post/5b41fe36e51d45191252e79e
r6Cqn3AB91Up_LurBT7i,juejin,https://juejin.im/post/5beaf27fe51d45332a4568e9
sKCqn3AB91Up_LurBT7i,juejin,https://juejin.im/post/5df72f6bf265da33f11ad5bd
saCqn3AB91Up_LurBT7i,juejin,https://juejin.im/post/5be95fbef265da61327ed8e0
sqCqn3AB91Up_LurBT7i,juejin,https://juejin.im/post/5bea7eb4f265da612859a9e4
s6Cqn3AB91Up_LurBT7i,juejin,https://juejin.im/post/5ad6ad575188255c272273c4
tKCqn3AB91Up_LurBT7i,juejin,https://juejin.im/post/5b5ab8136fb9a04f834659ba
taCqn3AB91Up_LurBT7i,juejin,https://juejin.im/post/5b03936a6fb9a07ac162bfe0
tqCqn3AB91Up_LurBT7i,juejin,https://juejin.im/post/5a6320d56fb9a01cb64ee191
t6Cqn3AB91Up_LurBT7i,juejin,https://juejin.im/post/5b624f4d518825068302aee9
uKCqn3AB91Up_LurBT7i,juejin,https://juejin.im/post/5d6f28e55188252d43759060
uaCqn3AB91Up_LurBT7i,juejin,https://juejin.im/post/5dcbb668f265da4d185fc5ac
uqCqn3AB91Up_LurBT7i,juejin,https://juejin.im/post/5b7e955be51d4538de11550c
u6Cqn3AB91Up_LurBT7i,juejin,https://juejin.im/post/5b0cafad51882515624dc6d2
vKCqn3AB91Up_LurBT7i,juejin,https://juejin.im/post/5e2c5d27e51d4557e632ee8c
vaCqn3AB91Up_LurBT7i,juejin,https://juejin.im/post/58f45b058d6d8100648a69f0
vqCqn3AB91Up_LurBT7i,juejin,https://juejin.im/post/5acef004f265da23a2297c71
v6Cqn3AB91Up_LurBT7i,juejin,https://juejin.im/post/5a4ed917f265da3e317df515
wKCqn3AB91Up_LurBT7i,juejin,https://juejin.im/post/5ba0b9a05188255c451ea09c
waCqn3AB91Up_LurBT7i,juejin,https://juejin.im/post/5dc5811ff265da4d02626e3c
wqCqn3AB91Up_LurBT7i,juejin,https://juejin.im/post/5dfb9acef265da33ee178a39
w6Cqn3AB91Up_LurBT7i,juejin,https://juejin.im/post/584b711d8e450a006c586ca6
xKCqn3AB91Up_LurBT7i,juejin,http://nsc.skdlabs.com/
xaCqn3AB91Up_LurBT7i,juejin,https://juejin.im/post/5c36d52651882525e90dc800
xqCqn3AB91Up_LurBT7i,juejin,https://juejin.im/post/5e0eb11e6fb9a048167712d3
x6Cqn3AB91Up_LurBT7i,juejin,https://juejin.im/post/5a6fce10f265da3e261c3c71
yKCqn3AB91Up_LurBT7i,juejin,https://juejin.im/post/5df8b9146fb9a0164143f943
yaCqn3AB91Up_LurBT7i,juejin,https://juejin.im/post/5b0274ac6fb9a07aaa118f49
yqCqn3AB91Up_LurBT7i,juejin,https://juejin.im/post/59dc2b7a6fb9a0451869ae3a
y6Cqn3AB91Up_LurBT7i,juejin,https://juejin.im/post/5c355a816fb9a049a42f3ac8
zKCqn3AB91Up_LurBT7i,juejin,https://juejin.im/post/5b75b497e51d45666276251d
zaCqn3AB91Up_LurBT7i,juejin,https://juejin.im/post/5dfc86c5f265da33b47c8ac8
zqCqn3AB91Up_LurBT7i,juejin,https://juejin.im/post/5b2a07c16fb9a00e36425ef0
z6Cqn3AB91Up_LurBT7i,juejin,https://juejin.im/post/5cda5f295188257ec35efd86
0KCqn3AB91Up_LurBT7i,juejin,https://juejin.im/post/5df49c496fb9a016050b725e
0aCqn3AB91Up_LurBT7i,juejin,https://juejin.im/post/5a5b4097518825734d149423
0qCqn3AB91Up_LurBT7i,juejin,https://juejin.im/post/5b8b79656fb9a01a143fe96f
06Cqn3AB91Up_LurBT7i,juejin,https://juejin.im/post/5bc831e1e51d450e64765afb
1KCqn3AB91Up_LurBT7i,juejin,https://juejin.im/post/5a99544ef265da23a334ab6c
1aCqn3AB91Up_LurBT7i,juejin,https://juejin.im/post/5db3f8baf265da4cf50c5824
1qCqn3AB91Up_LurBT7i,juejin,http://www.ruanyifeng.com/blog/2018/06/ddos.html
16Cqn3AB91Up_LurBT7i,juejin,https://juejin.im/post/5b70dfcf518825610f1f5c16
2KCqn3AB91Up_LurBT7i,juejin,https://juejin.im/post/5e0f54a0e51d4540fd6427d3
2aCqn3AB91Up_LurBT7i,juejin,https://mp.weixin.qq.com/s?__biz=MzUxMzcxMzE5Ng==&mid=2247488986&idx=1&sn=7f03d4a056096fffa826e2b619e39836&chksm=f951a099ce26298f8372277785c472cd25558e516cc38175f0c141e70c6604a29ec9b33fef96#rd
2qCqn3AB91Up_LurBT7i,juejin,https://juejin.im/post/5aaf0e68f265da237f1e168c
26Cqn3AB91Up_LurBT7i,juejin,https://juejin.im/post/5b47f9ac5188251b1242e121
3KCqn3AB91Up_LurBT7i,juejin,https://juejin.im/post/5ab0568b5188255580020e56
3aCqn3AB91Up_LurBT7i,juejin,https://juejin.im/post/5dfb601a6fb9a0163d1a691c
3qCqn3AB91Up_LurBT7i,juejin,https://juejin.im/post/5b6b08956fb9a04fc67c2263
36Cqn3AB91Up_LurBT7i,juejin,https://juejin.im/post/5bb474166fb9a05cfc54e94d
4KCqn3AB91Up_LurBT7i,juejin,https://juejin.im/post/5a9e57af6fb9a028df222555
4aCqn3AB91Up_LurBT7i,juejin,https://juejin.im/post/5b57b81af265da0f4b7a9ae5
4qCqn3AB91Up_LurBT7i,juejin,https://juejin.im/post/5dce64eb5188254c526a8a45
46Cqn3AB91Up_LurBT7i,juejin,https://mp.weixin.qq.com/s/enjl4i-3naF0iOdZMfrYuw
5KCqn3AB91Up_LurBT7i,juejin,https://juejin.im/post/5ae0ff7ff265da0b9671e835
5aCqn3AB91Up_LurBT7i,juejin,https://juejin.im/post/5b87b393e51d4557631bf5f0
5qCqn3AB91Up_LurBT7i,juejin,https://juejin.im/post/5ab99afff265da23a2291dee
56Cqn3AB91Up_LurBT7i,juejin,https://juejin.im/post/5b7ad043e51d4538e1605129
6KCqn3AB91Up_LurBT7i,juejin,https://juejin.im/post/5bd2a094518825289f7f3d17
6aCqn3AB91Up_LurBT7i,juejin,https://juejin.im/post/5b40c1ede51d4518f140f84b
6qCqn3AB91Up_LurBT7i,juejin,https://juejin.im/post/5b68fbe26fb9a04f855377e8
66Cqn3AB91Up_LurBT7i,juejin,https://juejin.im/post/5b226ecc6fb9a00e4e47ac2b
7KCqn3AB91Up_LurBT7i,juejin,https://juejin.im/post/5c694fa56fb9a049e93d45e4
7aCqn3AB91Up_LurBT7i,juejin,https://juejin.im/post/5dfae7506fb9a01627128468
7qCqn3AB91Up_LurBT7i,juejin,https://juejin.im/post/5bac9e21f265da0afe62ec1b
76Cqn3AB91Up_LurBT7i,juejin,https://juejin.im/post/59d5bbebf265da066c233d0e
8KCqn3AB91Up_LurBT7i,juejin,https://juejin.im/post/5b06578f51882538c150744b
8aCqn3AB91Up_LurBT7i,juejin,https://juejin.im/post/5c047fe66fb9a049b41c36c2
8qCqn3AB91Up_LurBT7i,juejin,https://juejin.im/post/5d6cf6fbf265da03f3336ddb
86Cqn3AB91Up_LurBT7i,juejin,https://juejin.im/post/5bebf2b85188250edf4addf0
9KCqn3AB91Up_LurBT7i,juejin,https://juejin.im/post/5a37c3f9518825258b741f49
9aCqn3AB91Up_LurBT7i,juejin,https://juejin.im/post/5d3a68a96fb9a07ed91207e7
9qCqn3AB91Up_LurBT7i,juejin,https://juejin.im/post/5b285d236fb9a00e9b39fdd2
96Cqn3AB91Up_LurCT7-,juejin,https://juejin.im/post/5aa783b76fb9a028d663d70a
-KCqn3AB91Up_LurCT7-,juejin,http://mp.weixin.qq.com/s/4eTM9Ju6SJjMPUWA1cq4Gg
-aCqn3AB91Up_LurCT7-,juejin,https://juejin.im/post/5d9bf819e51d45781d5e4bb8
-qCqn3AB91Up_LurCT7-,juejin,https://juejin.im/post/5b17de31f265da6e397b70f4
-6Cqn3AB91Up_LurCT7-,juejin,https://juejin.im/post/5a3cbce05188252582279467
_KCqn3AB91Up_LurCT7-,juejin,https://juejin.im/post/5b078f22f265da0dcd0b5ee3
_aCqn3AB91Up_LurCT7-,juejin,https://juejin.im/post/5bd2f10a51882555e072d0c4
_qCqn3AB91Up_LurCT7-,juejin,https://juejin.im/post/5e33a75ce51d45028e4679b6
_6Cqn3AB91Up_LurCT7-,juejin,https://juejin.im/post/5b1e69dcf265da6e0d7a347e
AKCqn3AB91Up_LurCT_-,juejin,https://juejin.im/post/5d196b196fb9a07ebd48ecb1
AaCqn3AB91Up_LurCT_-,juejin,https://juejin.im/post/5aa78a09f265da2385328850
AqCqn3AB91Up_LurCT_-,juejin,https://juejin.im/post/5b32fb5cf265da598223df9e
A6Cqn3AB91Up_LurCT_-,juejin,https://juejin.im/post/5c03fb706fb9a049cd53f1a4
BKCqn3AB91Up_LurCT_-,juejin,https://juejin.im/post/5be23e6ef265da6135720d61
BaCqn3AB91Up_LurCT_-,juejin,http://paper.seebug.org/232/
BqCqn3AB91Up_LurCT_-,juejin,https://juejin.im/post/5bd0191a6fb9a05cf9087284
B6Cqn3AB91Up_LurCT_-,juejin,https://juejin.im/post/5b7511ccf265da283e714322
CKCqn3AB91Up_LurCT_-,juejin,https://juejin.im/post/5b629d196fb9a04fcf59eeee
CaCqn3AB91Up_LurCT_-,juejin,https://juejin.im/post/5a9f8425f265da239a5f57f8
CqCqn3AB91Up_LurCT_-,juejin,https://juejin.im/post/5badf24cf265da0ade1cc626
C6Cqn3AB91Up_LurCT_-,juejin,https://juejin.im/post/5a66a08d5188253dc3321da0
DKCqn3AB91Up_LurCT_-,juejin,https://mp.weixin.qq.com/s/kPc-0HVmYtNaGDoJOwxzAg
DaCqn3AB91Up_LurCT_-,juejin,https://juejin.im/post/5cc29c726fb9a031ec6d2cac
DqCqn3AB91Up_LurCT_-,juejin,https://juejin.im/post/5c3cc264e51d4551ec60a938
D6Cqn3AB91Up_LurCT_-,juejin,https://juejin.im/post/5ba9a4d7f265da0ada52442d
EKCqn3AB91Up_LurCT_-,juejin,https://juejin.im/post/59f302eb518825550f53d839
EaCqn3AB91Up_LurCT_-,juejin,https://juejin.im/post/5e0497266fb9a01627128fbd
EqCqn3AB91Up_LurCT_-,juejin,https://juejin.im/post/5bc87409f265da0ad701da35
E6Cqn3AB91Up_LurCT_-,juejin,https://juejin.im/post/5aaa2ba8f265da239530b69e
FKCqn3AB91Up_LurCT_-,juejin,https://juejin.im/post/5dfe26f4f265da33ec7dbdb5
FaCqn3AB91Up_LurCT_-,juejin,https://juejin.im/post/5ac78b31f265da237411387e
FqCqn3AB91Up_LurCT_-,juejin,https://juejin.im/post/5b1b8cd3e51d4506d536799e
F6Cqn3AB91Up_LurCT_-,juejin,https://juejin.im/post/5d65f7edf265da03c428a0ad
GKCqn3AB91Up_LurCT_-,juejin,https://juejin.im/post/5bb48d7b5188255c865e31bc
GaCqn3AB91Up_LurCT_-,juejin,https://juejin.im/post/5b31c6dee51d4558e3602270
GqCqn3AB91Up_LurCT_-,juejin,https://juejin.im/post/5b128f326fb9a01e8b7814c4
G6Cqn3AB91Up_LurCT_-,juejin,https://juejin.im/post/5d1ec8b1f265da1b5d57cb1f
HKCqn3AB91Up_LurCT_-,juejin,https://juejin.im/post/5b1f4f545188257d887d4ba0
HaCqn3AB91Up_LurCT_-,juejin,https://juejin.im/post/5bed7ecf6fb9a049ee800673
HqCqn3AB91Up_LurCT_-,juejin,https://juejin.im/post/5af5711e5188254267261e3b
H6Cqn3AB91Up_LurCT_-,juejin,https://juejin.im/post/5b0a252d51882538b63af5c3
IKCqn3AB91Up_LurCT_-,juejin,https://juejin.im/post/5b07866e51882538be0d23ac
IaCqn3AB91Up_LurCT_-,juejin,https://juejin.im/post/5abf6c1b6fb9a028bd4c705f
IqCqn3AB91Up_LurCT_-,juejin,https://juejin.im/post/5afbedd5f265da0b886d999d
I6Cqn3AB91Up_LurCT_-,juejin,https://juejin.im/post/5e2174e2f265da3e2b2d769a
JKCqn3AB91Up_LurCT_-,juejin,https://juejin.im/post/5adca80bf265da0b9526b1cc
JaCqn3AB91Up_LurCT_-,juejin,https://juejin.im/post/587799138d6d810058b05b4b
JqCqn3AB91Up_LurCT_-,juejin,https://juejin.im/post/5bcecb9a5188255c2f42586c
J6Cqn3AB91Up_LurCT_-,juejin,https://juejin.im/post/5aa52204518825556f550c8c
KKCqn3AB91Up_LurCT_-,juejin,https://juejin.im/post/5d78a32e5188251b764b6aac
KaCqn3AB91Up_LurCT_-,juejin,https://juejin.im/post/5bfdf2f26fb9a049d61d3b29
KqCqn3AB91Up_LurCT_-,juejin,https://zhuanlan.zhihu.com/p/38057805
K6Cqn3AB91Up_LurCT_-,juejin,https://juejin.im/post/5bfb3675f265da616e4c1c73
LKCqn3AB91Up_LurCT_-,juejin,https://juejin.im/post/5ac5c6bd518825557e789f80
LaCqn3AB91Up_LurCT_-,juejin,http://www.jianshu.com/p/efbc8619d56b
LqCqn3AB91Up_LurCT_-,juejin,https://juejin.im/post/5b7e708b51882542b83d70c9
L6Cqn3AB91Up_LurCT_-,juejin,https://juejin.im/post/5e1ab7dfe51d4552455a8015
MKCqn3AB91Up_LurCT_-,juejin,https://juejin.im/post/5b72b81fe51d4566633b214d
MaCqn3AB91Up_LurCT_-,juejin,https://juejin.im/post/5ba1a800e51d450e8657f5dd
MqCqn3AB91Up_LurCT_-,juejin,https://juejin.im/post/5ae9b82c6fb9a07ac3634941
M6Cqn3AB91Up_LurCT_-,juejin,https://juejin.im/post/5b17c01b51882513bf179134
NKCqn3AB91Up_LurCT_-,juejin,https://juejin.im/post/5c82225fe51d453b4e13504c
NaCqn3AB91Up_LurCT_-,juejin,https://juejin.im/post/5bdbdc876fb9a049f36186c3
NqCqn3AB91Up_LurCT_-,juejin,https://github.com/amfe/article/issues/3
N6Cqn3AB91Up_LurCT_-,juejin,https://juejin.im/post/5b0656066fb9a07ab83e6c13
OKCqn3AB91Up_LurCT_-,juejin,https://juejin.im/post/5b5ff1dfe51d4519610e26ec
OaCqn3AB91Up_LurCT_-,juejin,https://my.oschina.net/u/3693769/blog/1544436
OqCqn3AB91Up_LurCT_-,juejin,https://juejin.im/post/5addc7a66fb9a07aa43bd2a0
O6Cqn3AB91Up_LurCT_-,juejin,https://juejin.im/post/5a7146fd51882573351a9d99
PKCqn3AB91Up_LurCT_-,juejin,https://juejin.im/post/5b3595e3f265da59a76c9ed4
PaCqn3AB91Up_LurCT_-,juejin,https://juejin.im/post/5dcd47275188251094090c90
PqCqn3AB91Up_LurCT_-,juejin,https://juejin.im/post/5c94579d518825573578c8b3
P6Cqn3AB91Up_LurCT_-,juejin,https://juejin.im/post/5ae009c2f265da0b8e7f1074
QKCqn3AB91Up_LurCT_-,juejin,https://juejin.im/post/5d7f67f95188250150110807
QaCqn3AB91Up_LurCT_-,juejin,https://juejin.im/post/5b1b64645188257d507be4de
QqCqn3AB91Up_LurCT_-,juejin,https://juejin.im/post/5aeba17e6fb9a07a9e4d1318
Q6Cqn3AB91Up_LurCT_-,juejin,https://juejin.im/post/5bf2d9536fb9a049e5533b9a
RKCqn3AB91Up_LurCT_-,juejin,https://zhuanlan.zhihu.com/p/25486768?group_id=820705780520079360
RaCqn3AB91Up_LurCT_-,juejin,https://juejin.im/post/5d3e343e51882526ae23136d
RqCqn3AB91Up_LurCT_-,juejin,https://juejin.im/post/5a0e985df265da430e4ebb92
R6Cqn3AB91Up_LurCT_-,juejin,https://juejin.im/post/593df628da2f60006728cff2
SKCqn3AB91Up_LurCT_-,juejin,https://zhuanlan.zhihu.com/p/30351943
SaCqn3AB91Up_LurCT_-,juejin,https://juejin.im/post/5ce55b3d5188253386140dd0
SqCqn3AB91Up_LurCT_-,juejin,https://laravel-china.org/topics/2766
S6Cqn3AB91Up_LurCT_-,juejin,https://juejin.im/post/5b19f28c5188257d9220760c
TKCqn3AB91Up_LurCT_-,juejin,https://juejin.im/post/5d59ffe06fb9a06b1b19bf62
TaCqn3AB91Up_LurCT_-,juejin,https://www.ziiai.com/blog/665
TqCqn3AB91Up_LurCT_-,juejin,https://juejin.im/post/5b80cd39f265da43803bebde
T6Cqn3AB91Up_LurCT_-,juejin,https://juejin.im/post/5b3f283af265da0f6012ef30
UKCqn3AB91Up_LurCT_-,juejin,https://juejin.im/post/5cc81d5451882524f72cd32c
UaCqn3AB91Up_LurCT_-,juejin,https://juejin.im/post/5a76d7e3f265da4e752770a3
UqCqn3AB91Up_LurCT_-,juejin,https://juejin.im/post/5bf6469ae51d45223f44d897
U6Cqn3AB91Up_LurCT_-,juejin,http://mp.weixin.qq.com/s/6ChuUdOm7vej8vQ3dbC8fw
VKCqn3AB91Up_LurCT_-,juejin,https://juejin.im/post/5bf21d935188251d9e0c2937
VaCqn3AB91Up_LurCT_-,juejin,https://juejin.im/post/59ef00b6f265da432b4a02ca
VqCqn3AB91Up_LurCT_-,juejin,https://juejin.im/post/5ba05b9ef265da0abd350f47
V6Cqn3AB91Up_LurCT_-,juejin,https://juejin.im/post/5a56db296fb9a01c975a26ef
WKCqn3AB91Up_LurCT_-,juejin,https://juejin.im/post/5a7aa0245188257a613220fa
WaCqn3AB91Up_LurCT_-,juejin,https://juejin.im/post/5e141e9ef265da5d69103d0f
WqCqn3AB91Up_LurCT_-,juejin,https://juejin.im/post/5bf214e151882579cf011c2a
W6Cqn3AB91Up_LurEj-9,juejin,https://juejin.im/post/5aa08cb3f265da23766ad734
XKCqn3AB91Up_LurEj-9,juejin,https://juejin.im/post/5aeb0e016fb9a07ab7740d90
XaCqn3AB91Up_LurEj-9,juejin,https://juejin.im/post/5b305758e51d4558ce5ea0d9
XqCqn3AB91Up_LurEj-9,juejin,https://juejin.im/post/5b88a93df265da43231f1451
X6Cqn3AB91Up_LurEj-9,juejin,https://juejin.im/post/5bb0a5335188255c554707e6
YKCqn3AB91Up_LurEj-9,juejin,https://juejin.im/post/5b28c67f6fb9a00e740ed316
YaCqn3AB91Up_LurEj-9,juejin,https://juejin.im/post/5bf89cc5518825719f209144
YqCqn3AB91Up_LurEj-9,juejin,https://juejin.im/post/5ac1eb2d6fb9a028de44dd41
Y6Cqn3AB91Up_LurEj-9,juejin,https://juejin.im/post/5b73aaec518825612d644a12
ZKCqn3AB91Up_LurEj-9,juejin,https://juejin.im/post/5adf0e7af265da0b814b32da
ZaCqn3AB91Up_LurEj-9,juejin,https://juejin.im/post/5ba119735188255c4a711682
ZqCqn3AB91Up_LurEj-9,juejin,https://juejin.im/post/5a67f3836fb9a01c9b661bd3
Z6Cqn3AB91Up_LurEj-9,juejin,https://juejin.im/post/5b04c415f265da0b9e65688a
aKCqn3AB91Up_LurEj-9,juejin,https://juejin.im/post/5b1cf4fa6fb9a01e4b062771
aaCqn3AB91Up_LurEj-9,juejin,https://juejin.im/post/5b21a5fd6fb9a01e3a5ef1a9
aqCqn3AB91Up_LurEj-9,juejin,https://juejin.im/post/5c0658886fb9a049e412787c
a6Cqn3AB91Up_LurEj-9,juejin,https://juejin.im/post/5ba9c3b96fb9a05d2567de00
bKCqn3AB91Up_LurEj-9,juejin,https://www.imooc.com/article/21376
baCqn3AB91Up_LurEj-9,juejin,https://juejin.im/post/5bfd386c51882516eb5620fe
bqCqn3AB91Up_LurEj-9,juejin,https://juejin.im/post/5ab7739af265da237410f0d6
b6Cqn3AB91Up_LurEj-9,juejin,https://juejin.im/post/5b81122d51882527246c9cfd
cKCqn3AB91Up_LurEj-9,juejin,https://juejin.im/post/5b9b271be51d450e7e513d88
caCqn3AB91Up_LurEj-9,juejin,https://juejin.im/post/5a043c59f265da430e4e9c82
cqCqn3AB91Up_LurEj-9,juejin,https://juejin.im/post/5b8a99f3e51d4538bf55dbf9
c6Cqn3AB91Up_LurEj-9,juejin,http://insights.thoughtworks.cn/eight-security-problems-in-front-end/
dKCqn3AB91Up_LurEj-9,juejin,https://juejin.im/post/5b41b9cd6fb9a04fe91a5a1c
daCqn3AB91Up_LurEj-9,juejin,https://juejin.im/post/5a706c1d51882573497934ce
dqCqn3AB91Up_LurEj-9,juejin,https://juejin.im/post/5d450d5a6fb9a06b0935fcd4
d6Cqn3AB91Up_LurEj-9,juejin,https://juejin.im/post/5ac9db1f5188255c5668b60e
eKCqn3AB91Up_LurEj-9,juejin,https://juejin.im/post/5c054b046fb9a049f745f592
eaCqn3AB91Up_LurEj-9,juejin,https://juejin.im/post/5a162f6d5188253edc7f9457
eqCqn3AB91Up_LurEj-9,juejin,http://www.52im.net/thread-1043-1-1.html
e6Cqn3AB91Up_LurEj-9,juejin,https://juejin.im/post/5afe3ddf518825673564c0f6
fKCqn3AB91Up_LurEj-9,juejin,https://mp.weixin.qq.com/s?__biz=MzU0OTExNzYwNg==&mid=2247483770&idx=1&sn=4f2247fdf7e1de9d8c45539c09751ba4&chksm=fbb58ab3ccc203a50abf225bdf6db56d10f5b0030cb9f333b245ebb95f8c440673901f7d6c23#rd
faCqn3AB91Up_LurEj-9,juejin,https://juejin.im/post/5abc9d2bf265da23953111cf
fqCqn3AB91Up_LurEj-9,juejin,https://juejin.im/post/5b233e7a51882574cb646b3e
f6Cqn3AB91Up_LurEj-9,juejin,https://juejin.im/post/5aaa506ff265da239236131b
gKCqn3AB91Up_LurEj-9,juejin,http://blog.minfive.com/2018/02/23/2018-02-23-css-hacker/
gaCqn3AB91Up_LurEj-9,juejin,https://juejin.im/post/5bbc33ac6fb9a05d2b6dd65f
gqCqn3AB91Up_LurEj-9,juejin,https://juejin.im/post/5a982eb8f265da239f06cba3
g6Cqn3AB91Up_LurEj-9,juejin,https://juejin.im/post/5a61a6856fb9a01c9b6605b6
hKCqn3AB91Up_LurEj-9,juejin,https://zhuanlan.zhihu.com/p/30840440
haCqn3AB91Up_LurEj-9,juejin,https://juejin.im/post/5b7eb5ba51882542bf03364c
hqCqn3AB91Up_LurEj-9,juejin,https://juejin.im/post/5b9f12acf265da0afc2bee66
h6Cqn3AB91Up_LurEj-9,juejin,https://juejin.im/post/5af3e002f265da0b7c074ada
iKCqn3AB91Up_LurEj-9,juejin,https://juejin.im/post/5b138338f265da6e1804bd12
iaCqn3AB91Up_LurEj-9,juejin,https://juejin.im/post/5af931a8f265da0b8d420b64
iqCqn3AB91Up_LurEj-9,juejin,https://juejin.im/post/5d4986a6e51d453b730b0ed7
i6Cqn3AB91Up_LurEj-9,juejin,https://juejin.im/post/5ad88a56f265da0b7155ceab
jKCqn3AB91Up_LurEj-9,juejin,https://juejin.im/post/5da85d0e6fb9a04e12715bcf
jaCqn3AB91Up_LurEj-9,juejin,https://juejin.im/post/5b4ef7a56fb9a04fc5649dff
jqCqn3AB91Up_LurEj-9,juejin,https://juejin.im/post/5a9cfc6851882555677e0666
j6Cqn3AB91Up_LurEj-9,juejin,https://juejin.im/post/5bed97616fb9a049b77fefbf
kKCqn3AB91Up_LurEj-9,juejin,https://juejin.im/post/5b6d1b5b6fb9a04f9963d45e
kaCqn3AB91Up_LurEj-9,juejin,https://juejin.im/post/5b90cd7c5188255c877e20c8
kqCqn3AB91Up_LurEj-9,juejin,https://juejin.im/post/5df75020e51d45584221d504
k6Cqn3AB91Up_LurEj-9,juejin,https://juejin.im/post/5b43436e6fb9a04fd26078ab
lKCqn3AB91Up_LurEj-9,juejin,https://juejin.im/post/5b83c569f265da436152f7d5
laCqn3AB91Up_LurEj-9,juejin,https://juejin.im/post/5b1b3d785188257d45297d0a
lqCqn3AB91Up_LurEj-9,juejin,https://36kr.com/p/5114077.html
l6Cqn3AB91Up_LurEj-9,juejin,https://juejin.im/post/5cc59d505188252e8835bbae
mKCqn3AB91Up_LurEj-9,juejin,https://juejin.im/post/5d2ea28d518825076377dae9
maCqn3AB91Up_LurEj-9,juejin,http://blog.kaolafed.com/2017/07/30/Promise：从懵逼开始摸爬滚打/
mqCqn3AB91Up_LurEj-9,juejin,https://juejin.im/post/5dca55216fb9a04aa704a4d7
m6Cqn3AB91Up_LurEj-9,juejin,https://juejin.im/post/5b022e456fb9a07aaf35810d
nKCqn3AB91Up_LurEj-9,juejin,https://juejin.im/post/5b3b76de5188251afc25567f
naCqn3AB91Up_LurEj-9,juejin,https://juejin.im/post/5bbdca89e51d450e92526a3b
nqCqn3AB91Up_LurEj-9,juejin,https://mp.weixin.qq.com/s/JDYd13DWQWPjjQVCVRQw4w
n6Cqn3AB91Up_LurEj-9,juejin,https://juejin.im/post/5b74199e5188255f532a1327
oKCqn3AB91Up_LurEj-9,juejin,https://juejin.im/post/5b56854451882562814961a5
oaCqn3AB91Up_LurEj-9,juejin,https://juejin.im/post/5b22071af265da59a23f14ba
oqCqn3AB91Up_LurEj-9,juejin,https://juejin.im/post/5c1315b0e51d4558bf392053
o6Cqn3AB91Up_LurEj-9,juejin,https://zoumiaojiang.com/article/common-web-security/
pKCqn3AB91Up_LurEj-9,juejin,https://juejin.im/post/5abf92b96fb9a028c368ea50
paCqn3AB91Up_LurEj-9,juejin,https://juejin.im/post/584b76d3a22b9d0058d5036f
pqCqn3AB91Up_LurEj-9,juejin,https://juejin.im/post/5a4c48dd6fb9a0452b499ddc
p6Cqn3AB91Up_LurEj-9,juejin,https://juejin.im/post/5a2f2f7851882554b837823a
qKCqn3AB91Up_LurEj-9,juejin,https://juejin.im/post/5a52242e6fb9a01c914037f3
qaCqn3AB91Up_LurEj-9,juejin,https://juejin.im/post/5be23220e51d454eee266d51
qqCqn3AB91Up_LurEj-9,juejin,https://juejin.im/post/5dd6531df265da47e2593948
q6Cqn3AB91Up_LurEj-9,juejin,https://juejin.im/post/5bd967915188257f7d68134a
rKCqn3AB91Up_LurEj-9,juejin,http://blog.720ui.com/2016/security_web/
raCqn3AB91Up_LurEj-9,juejin,https://juejin.im/post/5b9a29676fb9a05d32513bd0
rqCqn3AB91Up_LurEj-9,juejin,https://juejin.im/post/5df99a9251882512217693e8
r6Cqn3AB91Up_LurEj-9,juejin,https://mp.weixin.qq.com/s?__biz=MzI0MDQ4MTM5NQ==&mid=2247486476&idx=1&sn=44e306911ae9291fdbf7732f25884c18&chksm=e91b6910de6ce006feef2cfbc1764601203363a5bccbe504621a66460501081ec9e3b47baa53#rd
sKCqn3AB91Up_LurEj-9,juejin,https://juejin.im/post/5b1dc52de51d4506907b52b3
saCqn3AB91Up_LurEj-9,juejin,https://juejin.im/post/5b135ac36fb9a01e2d702eaf
sqCqn3AB91Up_LurEj-9,juejin,https://juejin.im/post/5aa400d36fb9a028d566ba2e
s6Cqn3AB91Up_LurEj-9,juejin,https://juejin.im/post/5a795bad6fb9a0634f407ae5
tKCqn3AB91Up_LurEj-9,juejin,https://juejin.im/post/5c335cd5f265da615304ee98
taCqn3AB91Up_LurEj-9,juejin,https://juejin.im/post/5abca7176fb9a028cd452c5a
tqCqn3AB91Up_LurEj-9,juejin,https://juejin.im/post/5bfca603f265da61441fbcf9
t6Cqn3AB91Up_LurEj-9,juejin,https://juejin.im/post/5ad1b5f75188255c5668de81
uKCqn3AB91Up_LurEj-9,juejin,http://blog.zhiyu1995.xyz/2017/10/11/谈谈cookie/#more
uaCqn3AB91Up_LurEj-9,juejin,https://mp.weixin.qq.com/s/blpIcf1VEVU_nu0WHaVZpg
uqCqn3AB91Up_LurEj-9,juejin,https://juejin.im/post/5b80e935e51d4538a515ac5c
u6Cqn3AB91Up_LurEj-9,juejin,https://juejin.im/post/5bbff9f7e51d450e8b1404c4
vKCqn3AB91Up_LurEj-9,juejin,https://segmentfault.com/a/1190000011918957
vaCqn3AB91Up_LurEj-9,juejin,https://juejin.im/post/5aa7314e6fb9a028d936d2a4
vqCqn3AB91Up_LurEj-9,juejin,https://juejin.im/post/5d1391f2e51d4510664d170d
