domain,cnt
opensourceagenda.com,1
cloudsigma.com,1
cyub.vip,1
shipt.tech,1
solutionhacker.com,1
niyanchun.com,1
timescale.com,1
search-guard.com,1
metricfire.com,1
shiguopeng.cn,1
steipete.com,1
bit.ly,1
soopat.com,1
infoq.com,1
weibo.com,1
skroutz.gr,1
realptsdengineer.com,1
buzzfeednews.com,1
terrastruct.com,1
creekorful.com,1
fedoraproject.org,1
spoon-elastic.com,1
meetup.com,1
simplecto.com,1
quora.com,1
meltwater.com,1
objectrocket.com,1
robotmoon.com,1
bmc.com,1
invivoo.com,1
linkedin.com,1
juicefs.com,1
anecdotes.dev,1
alongparty.cn,1
ximalaya.com,1
netapp.com,1
ozenero.com,1
couchbase.com,1
dreamphp.cn,1
likeagirl.io,1
twilio.com,1
ketek.ro,1
guru99.com,1
51yip.com,1
itpub.net,1
stackshare.io,1
nosuchfield.com,1
ghuntley.com,1
lyft.com,1
notamonadtutorial.com,1
playpi.org,1
bigfoot.xin,1
dream11engineering.com,1
hevodata.com,1
galenhealthcare.com,1
codingnote.cc,1
ssrn.com,1
flashgene.com,1
newrelic.com,1
phoenixnap.com,1
dimmaski.com,1
halodoc.io,1
kalasearch.cn,1
ngx.hk,1
maiyang.me,1
javatpoint.com,1
karunsubramanian.com,1
anytxt.net,1
sofastack.tech,1
twingate.com,1
twitter.com,1
lsonline.fr,1
blockgeni.com,1
gmem.cc,1
gitee.com,1
trivago.com,1
happyhack.io,1
javakk.com,1
georgebridgeman.com,1
doordash.engineering,1
compose.com,1
ubuntu.com,1
viget.com,1
openkg.cn,1
b23.tv,1
cloudways.com,1
ift.tt,1
tinyletter.com,1
livecodestream.dev,1
digitalmarketingfy.com,1
bbc.com,1
vearne.cc,1
accubits.com,1
iankok.com,1
okcupid.com,1
now.sh,1
datadome.co,1
gizra.com,1
zdnet.com,1
computingforgeeks.com,1
wangbaiyuan.cn,1
yuerblog.cc,1
a16z.com,1
com.tw,1
cncf.io,1
scalyr.com,1
catonetworks.com,1
insightdatascience.com,1
flant.com,1
secrss.com,1
shenyanchao.cn,1
coredna.com,1
lionbloggertech.com,1
skyline-ats.com,1
imququ.com,1
infini.sh,1
trifork.com,1
futunn.com,1
substack.com,1
byronhe.com,1
machengyu.net,1
openbase.io,1
javainuse.com,1
preetamnath.com,1
thehftguy.com,1
reuters.com,1
grafana.com,1
gzmenghai.com,1
thewindowsupdate.com,1
ashnik.com,1
infracloud.io,1
softwaremill.com,1
softwaretestinghelp.com,1
feedspot.com,1
jorgelbg.me,1
objectpartners.com,1
foreversmart.cc,1
toright.com,1
martinliu.cn,1
laravelpackages.net,1
sohu.com,1
tinyurl.mobi,1
codeceo.com,1
solidot.org,1
query.ai,1
apiko.com,1
hypernode.com,1
sap.com,1
theverge.com,1
marcusedmondson.com,1
co.uk,1
proginn.com,1
es.io,1
laijianfeng.org,1
medcl.com,1
dwz.cn,1
com.cn,1
kubernetes.io,1
espeo.eu,1
plaid.com,1
itsecureadmin.com,1
sunscrapers.com,1
youzan.com,1
slant.co,1
rocky.dev,1
facinating.tech,1
edureka.co,1
bloomberg.com,1
sysco.no,1
devopscube.com,1
tdengine.com,1
zenika.com,1
zijiancode.cn,1
testdriven.io,1
kloia.com,1
antfin.com,1
itcn.blog,1
readonlyrest.com,1
uee.me,1
fwit.win,1
anymindgroup.com,1
canvatechblog.com,1
pdai.tech,1
shouxicto.com,1
medevel.com,1
thehackernews.com,1
lucidworks.com,1
leadschool.in,1
honeybadger.io,1
searce.com,1
theregister.com,1
servian.dev,1
geekyants.com,1
bmpi.dev,1
manticoresearch.com,1
hostingjournalist.com,1
readfog.com,1
velebit.ai,1
lianglianglee.com,1
jianshu.io,1
db-engines.com,2
mimacom.com,2
alibabacloud.com,2
bigdataboutique.com,2
v2ex.com,2
coralogix.com,2
xeraa.net,2
learnku.com,2
t37.net,2
toutiao.io,2
codenong.com,2
bonsai.io,2
bogotobogo.com,2
apache.org,2
hackernoon.com,2
lenses.io,2
163.com,2
instaclustr.com,2
armsword.com,2
jolicode.com,2
shangmayuan.com,2
itnext.io,2
appbase.io,2
cocktail1024.top,2
blogspot.com,2
knowi.com,2
betterprogramming.pub,2
gitconnected.com,2
reactivesearch.io,2
microsoft.com,2
netflixtechblog.com,3
oschina.net,3
dbaplus.cn,3
qbox.io,3
confluent.io,3
pmihaylov.com,3
opensourceconnections.com,3
juejin.im,3
dwz.win,3
dwz1.cc,3
url.cn,3
devgenius.io,3
mincong.io,4
easyice.cn,4
dev.to,4
techexpert.tips,4
baidu.com,4
codeburst.io,5
bilibili.com,5
alexmarquardt.com,5
6aiq.com,5
youtube.com,6
amazon.com,6
sematext.com,6
huaweicloud.com,6
sina.lt,6
modb.pro,7
dzone.com,7
51cto.com,9
opster.com,10
github.io,11
spinscale.de,11
segmentfault.com,12
infoq.cn,14
logz.io,16
towardsdatascience.com,17
stackoverflow.com,17
1t.click,18
ela.st,19
aliyun.com,21
juejin.cn,22
jianshu.com,34
cnblogs.com,37
tencent.com,46
elasticsearch.cn,51
zhihu.com,55
0x7.me,61
github.com,68
qq.com,85
elastic.co,101
medium.com,121
csdn.net,139
tinyurl.com,159
t.cn,2271