name,url
哔哩哔哩漫画,https://space.bilibili.com/326499679
哔哩哔哩大会员,https://space.bilibili.com/321173469
罗翔说刑法,https://space.bilibili.com/517327498
老番茄,https://space.bilibili.com/546195
原神,https://space.bilibili.com/401742377
云视听小电视-TV,https://space.bilibili.com/492840942
央视新闻,https://space.bilibili.com/456664753
哔哩哔哩直播,https://space.bilibili.com/9617619
哔哩哔哩英雄联盟赛事,https://space.bilibili.com/50329118
新华社,https://space.bilibili.com/473837611
绵羊料理,https://space.bilibili.com/18202105
老师好我叫何同学,https://space.bilibili.com/163637592
共青团中央,https://space.bilibili.com/20165629
木鱼水心,https://space.bilibili.com/927587
人民日报,https://space.bilibili.com/1131457022
小潮院长,https://space.bilibili.com/5970160
周六野Zoey,https://space.bilibili.com/62540916
帕梅拉PamelaReif,https://space.bilibili.com/604003146
敬汉卿,https://space.bilibili.com/9824766
哔哩哔哩会员购,https://space.bilibili.com/174501086
中国BOY超级大猩猩,https://space.bilibili.com/562197
无穷小亮的科普日常,https://space.bilibili.com/14804670
哔哩哔哩晚会,https://space.bilibili.com/489412051
徐大虾咯,https://space.bilibili.com/13354765
凉风Kaze,https://space.bilibili.com/14110780
记录生活的蛋黄派,https://space.bilibili.com/337521240
某幻君,https://space.bilibili.com/1577804
一数,https://space.bilibili.com/14229967
李子柒,https://space.bilibili.com/19577966
哔哩哔哩纪录片,https://space.bilibili.com/7584632
观察者网,https://space.bilibili.com/10330740
papi酱,https://space.bilibili.com/1532165
盗月社食遇记,https://space.bilibili.com/99157282
日食记,https://space.bilibili.com/8960728
伊丽莎白鼠,https://space.bilibili.com/375375
手工耿,https://space.bilibili.com/280793434
硬核的半佛仙人,https://space.bilibili.com/37663924
兔叭咯,https://space.bilibili.com/7788379
哔哩哔哩创作中心,https://space.bilibili.com/37090048
我是郭杰瑞,https://space.bilibili.com/176037767
指法芬芳张大仙,https://space.bilibili.com/1935882
哔哩哔哩电影,https://space.bilibili.com/15773384
美食作家王刚R,https://space.bilibili.com/290526283
敖厂长,https://space.bilibili.com/122879
华农兄弟,https://space.bilibili.com/250858633
逍遥散人,https://space.bilibili.com/168598
花少北丶,https://space.bilibili.com/2206456
三代鹿人,https://space.bilibili.com/5870268
小片片说大片,https://space.bilibili.com/10119428
暴走漫画,https://space.bilibili.com/883968
音乐私藏馆,https://space.bilibili.com/229733301
LexBurner,https://space.bilibili.com/777536
逗比的雀巢,https://space.bilibili.com/5294454
哔哩哔哩番剧,https://space.bilibili.com/928123
英语兔,https://space.bilibili.com/483162496
TF家族,https://space.bilibili.com/3670216
小约翰可汗,https://space.bilibili.com/23947287
渗透之C君,https://space.bilibili.com/4162287
贤宝宝Baby,https://space.bilibili.com/3957971
王者荣耀,https://space.bilibili.com/57863910
影视飓风,https://space.bilibili.com/946974
大漠叔叔,https://space.bilibili.com/67141499
阿斗归来了,https://space.bilibili.com/21837784
三十六贱笑,https://space.bilibili.com/90361813
明日方舟,https://space.bilibili.com/161775300
泛式,https://space.bilibili.com/63231
宋浩老师官方,https://space.bilibili.com/66607740
你的影月月,https://space.bilibili.com/431073645
思维实验室,https://space.bilibili.com/14583962
莴苣某人,https://space.bilibili.com/1773346
毕导THU,https://space.bilibili.com/254463269
电影最TOP,https://space.bilibili.com/17819768
HuangFuRen,https://space.bilibili.com/23630128
二喵的饭,https://space.bilibili.com/29329085
才疏学浅的才浅,https://space.bilibili.com/2200736
吃花椒的喵酱,https://space.bilibili.com/2026561407
大祥哥来了,https://space.bilibili.com/2920960
哔哩哔哩国创,https://space.bilibili.com/98627270
刘老师说电影,https://space.bilibili.com/79061224
东尼ookii,https://space.bilibili.com/285499073
刘庸干净又卫生,https://space.bilibili.com/533459953
啊吗粽,https://space.bilibili.com/7552204
努力的Lorre,https://space.bilibili.com/7487399
疯狂小杨哥,https://space.bilibili.com/419738808
拜托了小翔哥,https://space.bilibili.com/353539995
黑猫厨房,https://space.bilibili.com/1420982
张召忠,https://space.bilibili.com/33683045
哔哩哔哩拜年纪,https://space.bilibili.com/1868902080
Uzi,https://space.bilibili.com/42619059
宝剑嫂,https://space.bilibili.com/113362335
谭乔,https://space.bilibili.com/330415548
bili_466272,https://space.bilibili.com/466272
崩坏3第一偶像爱酱,https://space.bilibili.com/27534330
黑镖客梦回,https://space.bilibili.com/10558098
纳豆奶奶,https://space.bilibili.com/6574487
=咬人猫=,https://space.bilibili.com/116683
哔哩哔哩LOL赛事直播,https://space.bilibili.com/50329220
欧阳春晓Aurora,https://space.bilibili.com/493570956
歪果仁研究协会,https://space.bilibili.com/32820037
学过石油的语文老师,https://space.bilibili.com/39737405
科技美学,https://space.bilibili.com/3766866
观视频工作室,https://space.bilibili.com/54992199
星有野,https://space.bilibili.com/627888730
力元君,https://space.bilibili.com/19642758
-欣小萌-,https://space.bilibili.com/8366990
籽岷,https://space.bilibili.com/686127
杜海皇,https://space.bilibili.com/178029850
小紧张的虫虫,https://space.bilibili.com/6087825
老爸评测,https://space.bilibili.com/347667464
大庆赶海,https://space.bilibili.com/524704055
Warma,https://space.bilibili.com/53456
鲤鱼Ace,https://space.bilibili.com/15634833
真探唐仁杰,https://space.bilibili.com/544336675
靠脸吃饭的徐大王,https://space.bilibili.com/16794231
猛男舞团IconX,https://space.bilibili.com/483879799
翔翔大作战,https://space.bilibili.com/196356191
哔哩哔哩王者荣耀赛事,https://space.bilibili.com/392836434
老饭骨,https://space.bilibili.com/419872064
假美食po主,https://space.bilibili.com/26139491
瓶子君152,https://space.bilibili.com/730732
历史调研室,https://space.bilibili.com/519872016
朱一旦的枯燥生活,https://space.bilibili.com/437316738
徐大sao,https://space.bilibili.com/390461123
韩小四AprilHan,https://space.bilibili.com/369750017
小文哥吃吃吃,https://space.bilibili.com/476704454
所长林超,https://space.bilibili.com/520155988
画渣花小烙,https://space.bilibili.com/402576555
柚子木字幕组,https://space.bilibili.com/221648
孤独的美食基,https://space.bilibili.com/4474705
薄海纸鱼,https://space.bilibili.com/1837617
刘畊宏willliu,https://space.bilibili.com/516314775
黄一刀有毒,https://space.bilibili.com/297242063
戴建业老师,https://space.bilibili.com/532741557
hanser,https://space.bilibili.com/11073
山城小栗旬的理发日记,https://space.bilibili.com/1869712375
绫人太太啊,https://space.bilibili.com/11131476
梗指南,https://space.bilibili.com/94510621
进击的金厂长,https://space.bilibili.com/321422126
特效小哥studio,https://space.bilibili.com/3066511
是大腿,https://space.bilibili.com/1565155
网不红萌叔Joey,https://space.bilibili.com/42870908
哔哩哔哩弹幕网,https://space.bilibili.com/8047632
刘哔电影,https://space.bilibili.com/27218150
英语的平行世界,https://space.bilibili.com/388576777
-纯黑-,https://space.bilibili.com/585267
AG超玩会王者荣耀梦泪,https://space.bilibili.com/108569350
阿特警官,https://space.bilibili.com/477531206
小高姐的魔法调料,https://space.bilibili.com/216156027
外交部发言人办公室,https://space.bilibili.com/1087482281
拉宏桑,https://space.bilibili.com/11870568
花花与三猫CatLive,https://space.bilibili.com/9008159
嘟督不噶油,https://space.bilibili.com/2403047
尴尬的铁根er,https://space.bilibili.com/405370021
泠鸢yousa,https://space.bilibili.com/282994
央视网,https://space.bilibili.com/222103174
波士顿圆脸,https://space.bilibili.com/346563107
导演小策,https://space.bilibili.com/81824112
智能路障,https://space.bilibili.com/79577853
蜡笔和小勋,https://space.bilibili.com/250111460
远古时代装机猿,https://space.bilibili.com/35359510
密子君,https://space.bilibili.com/3032988
CSGO大茄子,https://space.bilibili.com/381435385
大碗拿铁,https://space.bilibili.com/393166851
卢克文工作室,https://space.bilibili.com/438173577
大象放映室,https://space.bilibili.com/49246269
雨哥到处跑,https://space.bilibili.com/147166910
粤知一二,https://space.bilibili.com/95515699
洛天依,https://space.bilibili.com/36081646
哔哩哔哩游戏中心,https://space.bilibili.com/1328260
EdmundDZhang,https://space.bilibili.com/433351
枪弹轨迹,https://space.bilibili.com/515993
知了解压萌物,https://space.bilibili.com/1335713025
帅soserious,https://space.bilibili.com/66391032
李永乐老师官方,https://space.bilibili.com/9458053
爱做饭的芋头SAMA,https://space.bilibili.com/17409016
奇闻观察室,https://space.bilibili.com/454719565
一条小团团OvO,https://space.bilibili.com/390079112
吟游诗人基德,https://space.bilibili.com/510856133
浑元Rysn,https://space.bilibili.com/42561463
盖世猪猪丶,https://space.bilibili.com/339680732
肉肉大搜索,https://space.bilibili.com/207346018
dc008,https://space.bilibili.com/63274187
老戴在此,https://space.bilibili.com/2142762
姜峰真的苟,https://space.bilibili.com/44688866
-LKs-,https://space.bilibili.com/125526
与山0v0,https://space.bilibili.com/26240675
Thurman猫一杯,https://space.bilibili.com/1217628212
排骨教主,https://space.bilibili.com/486183
冯提莫,https://space.bilibili.com/436473455
衣戈猜想,https://space.bilibili.com/170948267
极客湾Geekerwan,https://space.bilibili.com/25876945
帅农鸟哥,https://space.bilibili.com/1838326986
不愧是姐姐大人,https://space.bilibili.com/396848107
迷影社,https://space.bilibili.com/4856007
高斯Goh,https://space.bilibili.com/3913194
中国国家地理,https://space.bilibili.com/2000819931
九三的耳朵不是特别好,https://space.bilibili.com/313580179
南翔不爱吃饭,https://space.bilibili.com/596842980
芳斯塔芙,https://space.bilibili.com/72270557
Vinheteiro,https://space.bilibili.com/262453663
直播小喇叭,https://space.bilibili.com/17561219
神奇的老皮VFX,https://space.bilibili.com/3380239
英雄联盟,https://space.bilibili.com/178778949
取景框看世界,https://space.bilibili.com/40427625
路温1900,https://space.bilibili.com/414336759
巫师财经,https://space.bilibili.com/472747194
YouTube口语精选,https://space.bilibili.com/454755309
视角姬,https://space.bilibili.com/52250
哦呼w,https://space.bilibili.com/59905809
倒悬的橘子,https://space.bilibili.com/40966108
吃素的狮子,https://space.bilibili.com/808171
允星河Yoseya,https://space.bilibili.com/1605721
自来卷三木,https://space.bilibili.com/474702359
虫哥说电影,https://space.bilibili.com/29296192
澳洲阿彭,https://space.bilibili.com/473524263
在下哲别,https://space.bilibili.com/416128940
俏佳人xxx,https://space.bilibili.com/423738152
油兔英语笔记,https://space.bilibili.com/6926237
央视频,https://space.bilibili.com/433587902
小白测评,https://space.bilibili.com/8969156
Steam官方特惠,https://space.bilibili.com/518876755
叔贵,https://space.bilibili.com/1531707
靖菌命,https://space.bilibili.com/4059920
食贫道,https://space.bilibili.com/39627524
wlop-,https://space.bilibili.com/26633150
不2不叫周淑怡,https://space.bilibili.com/306895558
碰碰彭碰彭,https://space.bilibili.com/15960317
BearGrylls贝爷,https://space.bilibili.com/515015078
文不叮,https://space.bilibili.com/450595813
M木糖M,https://space.bilibili.com/33824345
夹性芝士,https://space.bilibili.com/326081112
多多poi丶,https://space.bilibili.com/11253297
痒局长,https://space.bilibili.com/322892
A路人,https://space.bilibili.com/391679
鹤吱菌,https://space.bilibili.com/3353026
温柔JUNZ,https://space.bilibili.com/265059948
王小七Fire,https://space.bilibili.com/680677803
底层原理,https://space.bilibili.com/26606146
我是怪异君,https://space.bilibili.com/4408538
山下智博,https://space.bilibili.com/1643718
品诺美食开课啦,https://space.bilibili.com/352637817
文西与阿漆,https://space.bilibili.com/94281836
TheRock_Johnson,https://space.bilibili.com/455876411
超级神奇的木偶,https://space.bilibili.com/13118294
一化儿,https://space.bilibili.com/1526560679
小贝饿了,https://space.bilibili.com/31220044
卡特亚,https://space.bilibili.com/43222001
Minecraft我的世界官方,https://space.bilibili.com/43310262
开心嘴炮,https://space.bilibili.com/203337614
柠檬派奇幻漂流,https://space.bilibili.com/20892823
黑桐谷歌,https://space.bilibili.com/43536
棉花大哥哥,https://space.bilibili.com/1871001
太阳星sunstar,https://space.bilibili.com/11684621
罗汉解说,https://space.bilibili.com/51896064
数学微课帮,https://space.bilibili.com/351583506
空卡空卡空空卡,https://space.bilibili.com/16671656
刘谦,https://space.bilibili.com/641975239
YouTube精选字幕组,https://space.bilibili.com/487511093
小傲想睡觉,https://space.bilibili.com/446430908
怕上火暴王老菊,https://space.bilibili.com/423895
苏星河牛通,https://space.bilibili.com/598464467
老实憨厚的笑笑,https://space.bilibili.com/8739477
凤凰天使TSKS韩剧社官方账号,https://space.bilibili.com/43389575
公孙田浩,https://space.bilibili.com/512574759
low君热剧,https://space.bilibili.com/34189415
哔哩哔哩课堂,https://space.bilibili.com/458165375
崩坏星穹铁道,https://space.bilibili.com/1340190821
狂风桑,https://space.bilibili.com/1893045
卡布叻_周深,https://space.bilibili.com/3404595
英雄联盟手游,https://space.bilibili.com/473940554
鲁大能,https://space.bilibili.com/46708782
上班族的便当,https://space.bilibili.com/50660116
路路迷路路,https://space.bilibili.com/24478119
小艾大叔,https://space.bilibili.com/470156882
刘文超Vin,https://space.bilibili.com/300722822
中国日报,https://space.bilibili.com/21778636
趣测酱,https://space.bilibili.com/471792754
黑神话之悟空,https://space.bilibili.com/642389251
清华大学,https://space.bilibili.com/349721082
魔法Zc目录,https://space.bilibili.com/13164144
Meetfood觅食,https://space.bilibili.com/447317111
黑马程序员,https://space.bilibili.com/37974444
亿点点不一样,https://space.bilibili.com/407054668
黄龄,https://space.bilibili.com/345630501
乌鸦校尉CaptainWuya,https://space.bilibili.com/521249172
花泽香菜,https://space.bilibili.com/1202762767
司墨尧smile,https://space.bilibili.com/17134369
曼食慢语,https://space.bilibili.com/5957440
马壮实Hera,https://space.bilibili.com/17546432
回形针PaperClip,https://space.bilibili.com/258150656
MayTree五月树,https://space.bilibili.com/1468951948
TESTV官方频道,https://space.bilibili.com/11336264
陈睿,https://space.bilibili.com/208259
老坛胡说,https://space.bilibili.com/279583114
不正经老丝,https://space.bilibili.com/378885845
天才小熊猫本人,https://space.bilibili.com/11688464
声物课,https://space.bilibili.com/308693140
极速拍档,https://space.bilibili.com/25150941
稚晖君,https://space.bilibili.com/20259914
碧蓝航线,https://space.bilibili.com/233114659
蔡老板家的长工,https://space.bilibili.com/17171565
我的样子平平无奇,https://space.bilibili.com/3334179
大老师Sam,https://space.bilibili.com/429741851
狈总,https://space.bilibili.com/283036476
和猫住,https://space.bilibili.com/26321770
华为,https://space.bilibili.com/578227337
天天卡牌,https://space.bilibili.com/10462362
小王Albert,https://space.bilibili.com/1140672573
谷阿莫,https://space.bilibili.com/8578857
vivi可爱多,https://space.bilibili.com/16206007
水无月菌,https://space.bilibili.com/1958342
★⑥檤轮囬★,https://space.bilibili.com/295723
墨韵Moyun,https://space.bilibili.com/2374194
战双帕弥什,https://space.bilibili.com/382651856
麟宣森,https://space.bilibili.com/52190805
终极小腾,https://space.bilibili.com/394609671
我是瑞斯拜,https://space.bilibili.com/11021614
nya酱的一生,https://space.bilibili.com/1885078
姚姚不是P30,https://space.bilibili.com/587618113
大橙橙橙子,https://space.bilibili.com/1691347
1MILLION_OFFICIAL,https://space.bilibili.com/35836017
朱昊鲲,https://space.bilibili.com/31624111
祖娅纳惜,https://space.bilibili.com/3046429
打泥泥,https://space.bilibili.com/357229416
TED超级演讲家,https://space.bilibili.com/359516438
YouTube英语精选,https://space.bilibili.com/483301783
楼上的老张,https://space.bilibili.com/28642491
NBzhuoc大,https://space.bilibili.com/152389373
钟文泽,https://space.bilibili.com/25910292
女孩为何穿短裙,https://space.bilibili.com/7714
芒果冰OL,https://space.bilibili.com/617285
陈翔六点半,https://space.bilibili.com/19286458
本喵叫兔兔,https://space.bilibili.com/508416316
飞社长,https://space.bilibili.com/11100920
沈逸老师,https://space.bilibili.com/648113003
Super也好君,https://space.bilibili.com/1372433
老邪说电影,https://space.bilibili.com/154021609
韭菜实验室,https://space.bilibili.com/329519036
森纳映画,https://space.bilibili.com/1724598
doyoudo,https://space.bilibili.com/20503549
姜云升,https://space.bilibili.com/381281213
芙芙家的洗碗君,https://space.bilibili.com/4925207
老烟斗官方,https://space.bilibili.com/14781644
主播蛋白i,https://space.bilibili.com/390126641
网易第五人格手游,https://space.bilibili.com/211005705
CCheny6,https://space.bilibili.com/19584552
赛雷三分钟,https://space.bilibili.com/26108626
程十安an,https://space.bilibili.com/327750329
一只小仙若,https://space.bilibili.com/16539048
卢正义的雕刻时光,https://space.bilibili.com/591856754
Animenzzz,https://space.bilibili.com/6075139
龙帅食堂,https://space.bilibili.com/590201208
疆域阿力木,https://space.bilibili.com/50316381
STN工作室,https://space.bilibili.com/7349
突击手蜜獾,https://space.bilibili.com/416523954
三无Marblue,https://space.bilibili.com/284120
肯德基,https://space.bilibili.com/275338136
考研政治徐涛,https://space.bilibili.com/342722155
不普通人类实录,https://space.bilibili.com/645711700
IC实验室,https://space.bilibili.com/486287787
公主连结ReDive,https://space.bilibili.com/353840826
命运-冠位指定,https://space.bilibili.com/233108841
小Lin说,https://space.bilibili.com/520819684
HOLA小测佬,https://space.bilibili.com/406636263
田野上的繁荣,https://space.bilibili.com/588278127
我叫孙火旺,https://space.bilibili.com/586789337
神秘店长A,https://space.bilibili.com/295711424
凤凰传奇,https://space.bilibili.com/1646036311
zettaranc,https://space.bilibili.com/326246517
小米公司,https://space.bilibili.com/23920239
苏打baka,https://space.bilibili.com/691415738
空耳狂魔,https://space.bilibili.com/3127528
英语老师Lee,https://space.bilibili.com/131058159
FoFTG,https://space.bilibili.com/26032219
阿三解说,https://space.bilibili.com/9411426
张雪峰老师官方号,https://space.bilibili.com/28152637
暴躁的仙人JUMP,https://space.bilibili.com/651039864
差评君,https://space.bilibili.com/19319172
盒子酸奶,https://space.bilibili.com/10874201
蚊子-学做美食,https://space.bilibili.com/14800002
邵艾伦Alan,https://space.bilibili.com/4029133
中国食品报融媒体,https://space.bilibili.com/439478093
神楽七奈Official,https://space.bilibili.com/386900246
Youtube中文字幕组,https://space.bilibili.com/382189062
阿Test正经比比,https://space.bilibili.com/434376696
哔哩哔哩活动,https://space.bilibili.com/26366366
绝区零,https://space.bilibili.com/1636034895
EDG电子竞技俱乐部,https://space.bilibili.com/31536760
靠谱电竞,https://space.bilibili.com/279991456
阿狸才不是受,https://space.bilibili.com/453972
佟大大还是ETT,https://space.bilibili.com/123321175
人民网,https://space.bilibili.com/33775467
是个泡泡_Pao,https://space.bilibili.com/1644053613
TED精选演讲,https://space.bilibili.com/405054588
塑料叉FOKU,https://space.bilibili.com/130636947
哈米伦的弄笛者,https://space.bilibili.com/11742550
光影笔墨,https://space.bilibili.com/269319344
阿巳与小铃铛,https://space.bilibili.com/641591444
二二酸酸,https://space.bilibili.com/106685726
国家玮-开明致学,https://space.bilibili.com/485578465
口语老炮儿马思瑞,https://space.bilibili.com/24801003
光遇手游,https://space.bilibili.com/211700578
河马君,https://space.bilibili.com/2079933284
水果猎人杨晓洋,https://space.bilibili.com/400230277
封茗囧菌,https://space.bilibili.com/1467772
吃货请闭眼,https://space.bilibili.com/94114029
王尼玛,https://space.bilibili.com/21031789
Vicky宣宣,https://space.bilibili.com/396806711
碎嘴企鹅,https://space.bilibili.com/296092268
大司马工作室,https://space.bilibili.com/244144308
王骁Albert,https://space.bilibili.com/52165725
鹿乃ちゃん,https://space.bilibili.com/316381099
姬一元,https://space.bilibili.com/491593210
秃崽不是坏女人,https://space.bilibili.com/430872643
犬来八荒w,https://space.bilibili.com/3345720
旁门左道PPT,https://space.bilibili.com/395619513
二次元的中科院物理所,https://space.bilibili.com/407045223
逆风笑,https://space.bilibili.com/2019740
游戏动力VGN,https://space.bilibili.com/20990353
上汽大众,https://space.bilibili.com/611214594
司马南,https://space.bilibili.com/612492134
也就那点事儿-,https://space.bilibili.com/448019333
女胖胖,https://space.bilibili.com/414641554
墨茶Official,https://space.bilibili.com/212535360
KBShinya,https://space.bilibili.com/423442
硬件茶谈,https://space.bilibili.com/14871346
沙盘上的战争,https://space.bilibili.com/612194373
X调查,https://space.bilibili.com/339233162
乐乐课堂,https://space.bilibili.com/125269176
心灵侦探明柏辰,https://space.bilibili.com/75547577
小见见Zz,https://space.bilibili.com/3682229
先看评测,https://space.bilibili.com/483311105
音乐制作人Kurt,https://space.bilibili.com/596324576
张三的传奇一生,https://space.bilibili.com/485092296
超果果mc,https://space.bilibili.com/7450650
哔哩哔哩UP主服务中心,https://space.bilibili.com/235555226
oeasy,https://space.bilibili.com/2884629
没啥用科技,https://space.bilibili.com/174902557
空美町,https://space.bilibili.com/168687092
张喜喜-,https://space.bilibili.com/227107602
杰里德Jared,https://space.bilibili.com/104207471
国仁全球大学堂,https://space.bilibili.com/679619486
少年五之歌,https://space.bilibili.com/860464
上海滩许Van强,https://space.bilibili.com/23604445
长得像美食博主的女人,https://space.bilibili.com/472129071
嘻咦啊看,https://space.bilibili.com/123938419
落九川,https://space.bilibili.com/470962000
AIChannel官方,https://space.bilibili.com/1473830
还有一天就放假了,https://space.bilibili.com/7792521
痴鸡小队官方,https://space.bilibili.com/289887832
赛雷话金,https://space.bilibili.com/151482404
不是柯桑德,https://space.bilibili.com/31225950
重生细胞,https://space.bilibili.com/438321662
花生味花生酱,https://space.bilibili.com/6496196
狂阿弥_,https://space.bilibili.com/3433092
短的发布会,https://space.bilibili.com/287795639
TOM表哥,https://space.bilibili.com/121225592
闫帅奇,https://space.bilibili.com/434378423
最上川下山,https://space.bilibili.com/13279707
Mandell博士,https://space.bilibili.com/1473247194
文曰小强,https://space.bilibili.com/19456751
泽野螳螂,https://space.bilibili.com/398510
咻咻满,https://space.bilibili.com/37754047
李佳琦Austin,https://space.bilibili.com/168064909
翠花不太脆,https://space.bilibili.com/337312411
阿福Thomas,https://space.bilibili.com/25807917
赖皮猴爱美食,https://space.bilibili.com/270105105
SERGEY谢尔盖,https://space.bilibili.com/1711342368
暗猫の祝福,https://space.bilibili.com/888465
冒险雷探长,https://space.bilibili.com/49494871
刘加勇医生,https://space.bilibili.com/448340479
无处安放的小A,https://space.bilibili.com/596866446
话很多的小姐姐们,https://space.bilibili.com/6739643
GenJi是真想教会你,https://space.bilibili.com/49746395
青莲又失利了,https://space.bilibili.com/179922650
江寻千,https://space.bilibili.com/1895195099
夏波波Brian,https://space.bilibili.com/85835398
初音未来_Crypton,https://space.bilibili.com/399918500
油兔不二字幕组,https://space.bilibili.com/15967711
冷淡熊,https://space.bilibili.com/448039667
野食小哥,https://space.bilibili.com/30643878
是一只鱼啦,https://space.bilibili.com/694703612
紫菜蛋花兔兔,https://space.bilibili.com/1523475
腾格尔,https://space.bilibili.com/386043247
卡慕SaMa,https://space.bilibili.com/9596327
潮汕好男人,https://space.bilibili.com/19071708
Big笑工坊,https://space.bilibili.com/26023642
植物椿,https://space.bilibili.com/13199099
神奇海挪,https://space.bilibili.com/1916474
守护茶茶,https://space.bilibili.com/37946996
小桑菜奈,https://space.bilibili.com/31438993
特别中二的q3君,https://space.bilibili.com/8937568
燕子堡BBQ学徒Ray,https://space.bilibili.com/338927049
克里米亚野生动物园,https://space.bilibili.com/590490400
数学汤家凤,https://space.bilibili.com/357665034
流萤Zz,https://space.bilibili.com/2108856
盖里老哥,https://space.bilibili.com/285571498
芦苇十三少,https://space.bilibili.com/5818410
我是EyeOpener,https://space.bilibili.com/43645887
人类行为图鉴V,https://space.bilibili.com/535019206
笔吧评测室,https://space.bilibili.com/367877
吊德斯DioDes,https://space.bilibili.com/2006034
锦城大同教育,https://space.bilibili.com/455710037
体态大师App,https://space.bilibili.com/344447169
大狸子切切里,https://space.bilibili.com/471303350
是你们的康康,https://space.bilibili.com/1858682
达达达布溜-,https://space.bilibili.com/430926487
山药视频,https://space.bilibili.com/161419374
项真爽,https://space.bilibili.com/386406763
嘉然今天吃什么,https://space.bilibili.com/672328094
沉默寡言白河愁,https://space.bilibili.com/34646754
大嘴儿美食挠儿哥,https://space.bilibili.com/432044872
Jason-老湿,https://space.bilibili.com/540564177
汪品先院士,https://space.bilibili.com/513722566
文武俩兄弟,https://space.bilibili.com/281284373
史图馆,https://space.bilibili.com/15262818
PS教程免费学,https://space.bilibili.com/314690088
超感官世界,https://space.bilibili.com/1861446209
米开朗机罗,https://space.bilibili.com/493551742
DreamsMom,https://space.bilibili.com/294651267
Chubbyemu,https://space.bilibili.com/297786973
央视农业,https://space.bilibili.com/1343321779
是老胡没错,https://space.bilibili.com/31012715
闲不住的阿俊,https://space.bilibili.com/174949313
李白尼的猜想,https://space.bilibili.com/1195284234
PDD在B站,https://space.bilibili.com/36882906
六层楼先生,https://space.bilibili.com/103388721
开箱嘤嘤怪,https://space.bilibili.com/454118230
_青红造了个白_,https://space.bilibili.com/21778075
广西吴恩师,https://space.bilibili.com/605205509
沙雕网友咸叽叽,https://space.bilibili.com/300994119
ilem,https://space.bilibili.com/3379951
徐云流浪中国,https://space.bilibili.com/697166795
烤鸭TV,https://space.bilibili.com/491240131
无聊的开箱,https://space.bilibili.com/177613639
丸子叨叨叨,https://space.bilibili.com/452309333
一生儿,https://space.bilibili.com/2036187097
3Blue1Brown,https://space.bilibili.com/88461692
杨真直,https://space.bilibili.com/547173382
哇塞几张,https://space.bilibili.com/485704862
36氪,https://space.bilibili.com/90183256
纸嫁衣官方,https://space.bilibili.com/1871737115
萌新二次方,https://space.bilibili.com/125776535
邓园长,https://space.bilibili.com/38407276
戒喵中心,https://space.bilibili.com/432499697
我是江无情,https://space.bilibili.com/486633990
朝阳冬泳怪鸽,https://space.bilibili.com/690748574
广东共青团,https://space.bilibili.com/330383888
Kevin英语情报局,https://space.bilibili.com/10345615
香香软软的小泡芙,https://space.bilibili.com/298946431
李如儒也是李蠕蠕,https://space.bilibili.com/474853499
AG超玩会王者荣耀一诺,https://space.bilibili.com/472755538
小黑课堂计算机二级,https://space.bilibili.com/48133212
住范儿,https://space.bilibili.com/454560170
AndrewCap,https://space.bilibili.com/481936705
悠悠球琛总,https://space.bilibili.com/259358419
张三普法,https://space.bilibili.com/18337466
吃不饱仨战士,https://space.bilibili.com/1618410357
阿幕降临,https://space.bilibili.com/38351330
网易阴阳师手游,https://space.bilibili.com/30973654
叫我死盖就好,https://space.bilibili.com/1241806378
酒痴东梦,https://space.bilibili.com/11270116
豪言の经理,https://space.bilibili.com/22770727
老耗游戏,https://space.bilibili.com/328538733
红豆稀饭中,https://space.bilibili.com/250648682
极客匠,https://space.bilibili.com/129259501
不是的的是のの,https://space.bilibili.com/6875363
猫不理咖啡,https://space.bilibili.com/263090405
自说自话的总裁,https://space.bilibili.com/385805493
老少女阿珂,https://space.bilibili.com/3341680
奶糕成精档案社,https://space.bilibili.com/27756469
正直讲史-李正Str,https://space.bilibili.com/11646119
北京青年x凉子访谈录,https://space.bilibili.com/496688267
孙笑川258,https://space.bilibili.com/402574397
阿漫啊阿漫,https://space.bilibili.com/2897191
穿毛裤的小拉泽,https://space.bilibili.com/478691043
小透明明TM,https://space.bilibili.com/192090
清和Alicia,https://space.bilibili.com/836885
环球时报,https://space.bilibili.com/10303206
鬼叔怪谈,https://space.bilibili.com/35643203
文字铺,https://space.bilibili.com/181508854
欧阳娜娜Nana,https://space.bilibili.com/388699948
生活就是画画画,https://space.bilibili.com/3562949
战辉,https://space.bilibili.com/17239951
柴犬老丸子,https://space.bilibili.com/1754707
皮科医生魏小博,https://space.bilibili.com/456404164
时间只玩辅,https://space.bilibili.com/254662438
喵喵折App,https://space.bilibili.com/338748561
T君T酱,https://space.bilibili.com/8188433
培根悖论唠唠嗑,https://space.bilibili.com/386869863
龙馍馍,https://space.bilibili.com/11164088
破产兄弟BrokeBros,https://space.bilibili.com/37992622
伢伢gagako,https://space.bilibili.com/632887
冲浪普拉斯,https://space.bilibili.com/290548469
shourei小N,https://space.bilibili.com/249118
YouTube精彩视频-,https://space.bilibili.com/412719797
这个账号叫啥呢,https://space.bilibili.com/1763562610
狙击手麦克,https://space.bilibili.com/140458333
郎朗,https://space.bilibili.com/479893558
坎公骑冠剑,https://space.bilibili.com/384136794
逗川kshadow,https://space.bilibili.com/234256
纸条App,https://space.bilibili.com/236602327
马鹿blyat,https://space.bilibili.com/6989655
云社_,https://space.bilibili.com/662609045
哇哇哇妹,https://space.bilibili.com/138832847
绯绯Feifei,https://space.bilibili.com/320491072
折腾5号,https://space.bilibili.com/927687
1900影剧室,https://space.bilibili.com/17223352
王师傅和小毛毛,https://space.bilibili.com/452606628
wuli小周,https://space.bilibili.com/243681035
OldBa1,https://space.bilibili.com/50621949
花园花玲,https://space.bilibili.com/7966
郭云神奇,https://space.bilibili.com/37781521
国电武术馆馆长,https://space.bilibili.com/235630215
灰太狼办公室,https://space.bilibili.com/31832612
白醋少女,https://space.bilibili.com/397076059
oskarpianist,https://space.bilibili.com/566258416
Vivekatt,https://space.bilibili.com/16307541
演员陆二喜,https://space.bilibili.com/219683419
波桑吃遍世界,https://space.bilibili.com/22141287
一栗莎子,https://space.bilibili.com/2871017
妈见打,https://space.bilibili.com/562770406
知心者联盟,https://space.bilibili.com/390371228
卓叔增重,https://space.bilibili.com/22423090
李志映画,https://space.bilibili.com/8279670
茶理理理子,https://space.bilibili.com/684169
蒲熠星,https://space.bilibili.com/226102317
神奇陆夫人,https://space.bilibili.com/419220
萝卜吃米洛,https://space.bilibili.com/5007752
赤焰男孩,https://space.bilibili.com/36267054
一条视频,https://space.bilibili.com/4543111
老骚豆腐,https://space.bilibili.com/4578433
燃茶哥哥在此,https://space.bilibili.com/129240403
小缸和阿灿,https://space.bilibili.com/37961599
椒盐蛋,https://space.bilibili.com/176256777
考研英语刘晓艳,https://space.bilibili.com/251850212
oooooohmygosh,https://space.bilibili.com/38053181
马里奥红叔,https://space.bilibili.com/680447
聚印象视频,https://space.bilibili.com/32365949
有山先生,https://space.bilibili.com/28626598
萧忆情Alex,https://space.bilibili.com/9550310
OELoop,https://space.bilibili.com/6171645
双笙子,https://space.bilibili.com/2103351
公考章晓铭,https://space.bilibili.com/488609381
yoyo鹿鸣_Lumi,https://space.bilibili.com/488836173
深海色带鱼,https://space.bilibili.com/5374954
聊点什么叭,https://space.bilibili.com/80991539
唯一音乐小魔王,https://space.bilibili.com/287003199
黑椒墨鱼,https://space.bilibili.com/14254182
火柴人AlanBecker,https://space.bilibili.com/519253600
小熊绅士,https://space.bilibili.com/284424
乌鸦预告片,https://space.bilibili.com/8465957
肝帝董佳宁,https://space.bilibili.com/397490386
活蹦乱跳的肥曈,https://space.bilibili.com/164139557
米雷-RayDog,https://space.bilibili.com/617394761
是一只九龄,https://space.bilibili.com/51588985
小满家的晚饭,https://space.bilibili.com/3218685
33不是山山,https://space.bilibili.com/246370149
面粉社长,https://space.bilibili.com/8864484
付曦冉,https://space.bilibili.com/39922227
备胎说车,https://space.bilibili.com/50063223
pcyxjy,https://space.bilibili.com/16720403
乌合麒麟,https://space.bilibili.com/38048878
玲子reiko-,https://space.bilibili.com/662658732
科幻Fans布玛,https://space.bilibili.com/206840230
奥地利的小胡,https://space.bilibili.com/386165680
松浦文哉-SPWZ社長-,https://space.bilibili.com/14402657
Kristin英语老师,https://space.bilibili.com/496035658
在下铁头阿彪,https://space.bilibili.com/335575297
明日方舟终末地,https://space.bilibili.com/1265652806
GM的秘密基地,https://space.bilibili.com/73415355
水一大魔王,https://space.bilibili.com/1950209
自由大野猪,https://space.bilibili.com/574115689
菠萝赛东°,https://space.bilibili.com/197098
涼子同学,https://space.bilibili.com/14946689
鲁过一世,https://space.bilibili.com/1791101
马督工,https://space.bilibili.com/316568752
任性的KIMKILLS,https://space.bilibili.com/25623387
NathanRich火锅大王,https://space.bilibili.com/394067394
怒九笑,https://space.bilibili.com/14751040
央视网快看,https://space.bilibili.com/451320374
尕丶天堂,https://space.bilibili.com/216025
杰克大魔王jack,https://space.bilibili.com/54256094
布锅锅,https://space.bilibili.com/25503580
幾加乘,https://space.bilibili.com/404216060
三木刃,https://space.bilibili.com/11997177
果蝇轰,https://space.bilibili.com/8469526
鲸鱼娘西丝特official,https://space.bilibili.com/1398337493
kei和marin,https://space.bilibili.com/16853896
王咩阿,https://space.bilibili.com/11278782
KB呆又呆,https://space.bilibili.com/389088
鹦鹉梨,https://space.bilibili.com/1968595
抖抖村,https://space.bilibili.com/38294246
陈子豪丶EX,https://space.bilibili.com/1318997
邪神_Karasu_,https://space.bilibili.com/91542133
天才简史,https://space.bilibili.com/213845897
维他阿K,https://space.bilibili.com/568089240
大炒面制造者Cen,https://space.bilibili.com/14890801
范李猿,https://space.bilibili.com/63486758
席拉瑞丝,https://space.bilibili.com/1654470
小狼XF,https://space.bilibili.com/298484
抽风Crazy,https://space.bilibili.com/2728123
芜湖大司马,https://space.bilibili.com/677865752
水果医生,https://space.bilibili.com/291042076
拉草莓的西瓜JUN,https://space.bilibili.com/11684516
舞小喵,https://space.bilibili.com/2223018
祁么么mo,https://space.bilibili.com/9728698
Cat-God猫神教主,https://space.bilibili.com/331588431
V5_Rookie,https://space.bilibili.com/1017081142
纪录片我去看世界,https://space.bilibili.com/38067617
一只吐槽圆,https://space.bilibili.com/20457232
大胡子魏,https://space.bilibili.com/438880209
哔哩哔哩线下活动,https://space.bilibili.com/2306780
毒舌的南瓜,https://space.bilibili.com/43219807
章余飞不是章鱼飞,https://space.bilibili.com/364888155
钢铁直男必老板,https://space.bilibili.com/3116281
小叮当的一家,https://space.bilibili.com/336571870
柿子菌meow,https://space.bilibili.com/12855005
小蓝和他的朋友日常号,https://space.bilibili.com/431313625
王七叶-,https://space.bilibili.com/1813173223
兔总裁s,https://space.bilibili.com/15385187
某声悠,https://space.bilibili.com/7817472
渤海小吏,https://space.bilibili.com/504934876
龙女之声,https://space.bilibili.com/18706318
摸鱼事务所,https://space.bilibili.com/327757321
草莓味鸡胸肉,https://space.bilibili.com/34044873
鉴宝所,https://space.bilibili.com/429392011
真探来了,https://space.bilibili.com/1536568491
魔鬼厨房Neo,https://space.bilibili.com/174890586
设计师深海,https://space.bilibili.com/7212583
永琪吗,https://space.bilibili.com/1020040160
宴宁ccccc,https://space.bilibili.com/14897804
绝不早到小吱吱,https://space.bilibili.com/11616487
非人哉工作室,https://space.bilibili.com/32741563
知日酱,https://space.bilibili.com/501183549
冰糖IO,https://space.bilibili.com/198297
炎辰大鸽子,https://space.bilibili.com/170088482
哈利波特魔法觉醒,https://space.bilibili.com/398877923
安森垚,https://space.bilibili.com/11498155
牛叔万岁万岁万万岁,https://space.bilibili.com/58852835
steam情报局,https://space.bilibili.com/473519710
无敌皮皮鸟,https://space.bilibili.com/174070934
武当陈师行,https://space.bilibili.com/514019783
洛舟止,https://space.bilibili.com/31599940
英大吉,https://space.bilibili.com/638816489
柯洁,https://space.bilibili.com/525952604
剑客范十三,https://space.bilibili.com/1455861172
侯翠翠,https://space.bilibili.com/1458143131
BBGG丶狮子喵,https://space.bilibili.com/237311595
山新,https://space.bilibili.com/14082
某布君,https://space.bilibili.com/37291782
陶白白Sensei,https://space.bilibili.com/234579272
手艺贾,https://space.bilibili.com/22089099
雨琪在芬兰,https://space.bilibili.com/323024456
一只大哈鱼,https://space.bilibili.com/624757844
--圈圈--,https://space.bilibili.com/8784855
隔壁班的喵会长,https://space.bilibili.com/21330948
法老爷爷,https://space.bilibili.com/12807175
池袋第一深情,https://space.bilibili.com/85997303
Excel自学成才,https://space.bilibili.com/431886272
托马斯家的,https://space.bilibili.com/12816241
真子日记,https://space.bilibili.com/1155574439
混乱博物馆,https://space.bilibili.com/97177641
Vox_EN_Official,https://space.bilibili.com/1775966996
原神百晓生,https://space.bilibili.com/404439515
FREE高考英语,https://space.bilibili.com/2742391
正经的知识,https://space.bilibili.com/636571316
shoto_official,https://space.bilibili.com/1601895109
猴博士爱讲课,https://space.bilibili.com/67907025
四月是我的生日,https://space.bilibili.com/2435767
北京大学,https://space.bilibili.com/434346657
华为终端,https://space.bilibili.com/102999485
十音Shiyin,https://space.bilibili.com/257975429
面筋哥-程书林,https://space.bilibili.com/314791153
中二少年晓凯,https://space.bilibili.com/2733216
妮可蹦蹦,https://space.bilibili.com/17075276
林小北Lindo,https://space.bilibili.com/18343134
FUN科技,https://space.bilibili.com/9321359
阿银哦哦,https://space.bilibili.com/406745134
天名董事长,https://space.bilibili.com/111363591
上将王司徒,https://space.bilibili.com/1271916102
草莓味の喵喵酱,https://space.bilibili.com/65764710
乡村教师日记,https://space.bilibili.com/454143774
河野华,https://space.bilibili.com/18343098
丰兄来了,https://space.bilibili.com/1918296
史蒂猪StevenPig,https://space.bilibili.com/390527713
C酱です,https://space.bilibili.com/67141
峰哥亡命天涯,https://space.bilibili.com/35847683
何止电影,https://space.bilibili.com/270355850
轩邈Elias,https://space.bilibili.com/3386870
主持人yoyo酱,https://space.bilibili.com/457718798
天下一场梦,https://space.bilibili.com/421912906
主厨农国栋,https://space.bilibili.com/415479453
澤野弘之_nZk,https://space.bilibili.com/328303954
原野郎中,https://space.bilibili.com/27717433
迷茫小树叶,https://space.bilibili.com/13221028
他叫阿园,https://space.bilibili.com/2041168605
大家的音乐机,https://space.bilibili.com/32708543
罗小黑战记,https://space.bilibili.com/5632230
吴彦祖秃顶版,https://space.bilibili.com/411379495
搞机所,https://space.bilibili.com/178690106
铁牛杰哥官方频道,https://space.bilibili.com/455557356
花二Strange,https://space.bilibili.com/107486042
马蹄厨房,https://space.bilibili.com/24301201
宝鲁日GO,https://space.bilibili.com/1449165774
联想拯救者官方,https://space.bilibili.com/351899011
亚食人,https://space.bilibili.com/80304
叶无趣,https://space.bilibili.com/28330240
马克Sparrow,https://space.bilibili.com/103416759
卡琳娜和揉西,https://space.bilibili.com/212630840
这知识好冷,https://space.bilibili.com/403943112
清华数学系坑老师,https://space.bilibili.com/94336414
在下小苏,https://space.bilibili.com/350632501
满汉全席音乐团队,https://space.bilibili.com/1740850
飞碟说,https://space.bilibili.com/5581898
大佬甜er,https://space.bilibili.com/64925986
文韬Stefan,https://space.bilibili.com/412504829
勾手老大爷邓肯,https://space.bilibili.com/24490535
一块电鹿板,https://space.bilibili.com/471723540
KatAndSid,https://space.bilibili.com/30625977
沈奕斐,https://space.bilibili.com/349092963
刘逗逗不怎么逗,https://space.bilibili.com/517661394
一鹿有车,https://space.bilibili.com/355596637
小潮team,https://space.bilibili.com/623906369
WASU的纸偶,https://space.bilibili.com/676513039
易烫YCC,https://space.bilibili.com/18020792
TheMix多语种乐团,https://space.bilibili.com/1836322665
百万剪辑狮,https://space.bilibili.com/335692980
溫暖的冷风,https://space.bilibili.com/480366389
阿萨Aza,https://space.bilibili.com/480680646
星悦小美女PKU,https://space.bilibili.com/315898473
美食台,https://space.bilibili.com/19750237
硬核拆解,https://space.bilibili.com/427494870
朝烟今天唱歌了没,https://space.bilibili.com/324529831
唐尼是个der,https://space.bilibili.com/182481858
矮乐多Aliga,https://space.bilibili.com/259333
KL_qiqi_,https://space.bilibili.com/19525533
嗨氏丶,https://space.bilibili.com/13934589
小白Nanno,https://space.bilibili.com/15451699
撸大师-木源,https://space.bilibili.com/908383
马特罗托夫斯基,https://space.bilibili.com/598819925
站不起来的蒙蒙,https://space.bilibili.com/330663625
结巴老爹,https://space.bilibili.com/382986457
比比比目鱼,https://space.bilibili.com/16351122
好运的鱼,https://space.bilibili.com/249115678
机智的Kason,https://space.bilibili.com/8549577
赖神无所畏惧,https://space.bilibili.com/395931838
兰音Reine,https://space.bilibili.com/698029620
何胜0423,https://space.bilibili.com/2044333698
一米八的坤儿,https://space.bilibili.com/19738891
我是不白吃,https://space.bilibili.com/451296298
bilibiliGoods,https://space.bilibili.com/35365327
Yui柯基大聪明,https://space.bilibili.com/1962633
肌肉山山,https://space.bilibili.com/203708804
一心博士,https://space.bilibili.com/492459544
野球帝,https://space.bilibili.com/170801610
愉悦的hehe11,https://space.bilibili.com/3334737
呆妹儿小霸王,https://space.bilibili.com/247743458
中国火箭军,https://space.bilibili.com/351914826
安秋金,https://space.bilibili.com/504648459
啊Sai在纽约,https://space.bilibili.com/674888583
郑郑得证,https://space.bilibili.com/490505561
Mr迷瞪,https://space.bilibili.com/304578055
一个爱吃的猪,https://space.bilibili.com/60509716
非非宇Fay,https://space.bilibili.com/1359172699
千雅折一湖Official,https://space.bilibili.com/488009671
小霖QL,https://space.bilibili.com/36047134
不更新A,https://space.bilibili.com/523085457
凛子同学提不起劲,https://space.bilibili.com/1338715561
李玉刚,https://space.bilibili.com/85318798
夏一可,https://space.bilibili.com/893053
Ksr桑,https://space.bilibili.com/1848018
阿林吃土,https://space.bilibili.com/353312519
蛋仔派对,https://space.bilibili.com/1306451842
红警HBK08,https://space.bilibili.com/1629347259
牛顿顿顿,https://space.bilibili.com/303740257
赫箩的苹果,https://space.bilibili.com/653768
小帅家的大狼狗们,https://space.bilibili.com/412058684
一花啦啦啦,https://space.bilibili.com/22344481
我是TOO,https://space.bilibili.com/13904634
彭酱酱LINYA,https://space.bilibili.com/332432527
锦书致南辞,https://space.bilibili.com/90142376
艺术家阿克曼,https://space.bilibili.com/451618887
时空小涵,https://space.bilibili.com/36046546
普外科曾医生,https://space.bilibili.com/410558000
黑猫大少爷,https://space.bilibili.com/4831263
RNG电子竞技俱乐部,https://space.bilibili.com/257851644
梨涡少女-mini,https://space.bilibili.com/175861153
小猪姐姐zzreal,https://space.bilibili.com/19696996
阿菜奇妙厨房,https://space.bilibili.com/34279833
lana酱好纠结,https://space.bilibili.com/4537274
尚硅谷,https://space.bilibili.com/302417610
千户长生,https://space.bilibili.com/7875104
semkavkvadrate街拍,https://space.bilibili.com/1022925768
o小庄o,https://space.bilibili.com/6272357
东部战区,https://space.bilibili.com/1735615743
轩子老师,https://space.bilibili.com/35789774
白勺啊达,https://space.bilibili.com/5260378
小缘,https://space.bilibili.com/5055
胖龙的小生活,https://space.bilibili.com/649661652
腾讯动漫,https://space.bilibili.com/732364
酒客小丑,https://space.bilibili.com/7596516
四季萌芽,https://space.bilibili.com/10040906
非正式会谈,https://space.bilibili.com/15080107
pandapia熊猫乌托邦,https://space.bilibili.com/12444306
忘川又下饭啦,https://space.bilibili.com/104853743
泡芙喵-PuFF,https://space.bilibili.com/1526101
古呀老师,https://space.bilibili.com/543931452
橙心资讯,https://space.bilibili.com/28822227
南云鸟羽,https://space.bilibili.com/1543732
安迪视频,https://space.bilibili.com/357261525
不刷题的吴姥姥,https://space.bilibili.com/395877542
不齐舞团,https://space.bilibili.com/267685040
哦漏QAQ,https://space.bilibili.com/1951038
艺能人金广发,https://space.bilibili.com/38157763
熊出没BoonieBears,https://space.bilibili.com/14373586
医学科普联盟,https://space.bilibili.com/38598226
波靖仔,https://space.bilibili.com/5771902
米国脱口秀,https://space.bilibili.com/142371069
中国国家地理频道,https://space.bilibili.com/364654971
附魔星Fms,https://space.bilibili.com/28266043
Norah脱口秀,https://space.bilibili.com/29404012
滇西小哥,https://space.bilibili.com/101229184
捏碳碳碳碳,https://space.bilibili.com/406871371
阿星and阿奇,https://space.bilibili.com/230926815
王大境泽,https://space.bilibili.com/50426155
胖雪人Ozu,https://space.bilibili.com/410964
其人,https://space.bilibili.com/20603745
我的爸爸是条龙,https://space.bilibili.com/611693868
陈平眉山论剑,https://space.bilibili.com/526559715
混知,https://space.bilibili.com/254535526
大聪看电影,https://space.bilibili.com/253350665
噗噗叽叽__,https://space.bilibili.com/19693868
留学生小姐姐,https://space.bilibili.com/97077404
菌烨tako,https://space.bilibili.com/2350559
雷雨Lyy,https://space.bilibili.com/17603188
JKAI杰凯,https://space.bilibili.com/7295246
画渣不渣的三查,https://space.bilibili.com/517184570
安州牧,https://space.bilibili.com/7481602
王思妇丶,https://space.bilibili.com/2192108
怪力老陈,https://space.bilibili.com/361775100
一目十影,https://space.bilibili.com/390898500
MrYang杨家成,https://space.bilibili.com/39915398
Yooupi食途,https://space.bilibili.com/452412746
NASA宇宙,https://space.bilibili.com/391774002
巫托邦,https://space.bilibili.com/382193067
纪录片之家字幕组,https://space.bilibili.com/22121599
九梨Jelly,https://space.bilibili.com/599350028
了不起的八万二饼,https://space.bilibili.com/395936853
杨迪,https://space.bilibili.com/9847497
Tiger西西,https://space.bilibili.com/1986039004
龙飞律师,https://space.bilibili.com/527145352
泪腺战士,https://space.bilibili.com/374377
魔王大人帅帅帅ii,https://space.bilibili.com/93876791
浩歌KOJI,https://space.bilibili.com/507521207
环球网,https://space.bilibili.com/483787858
周大爷不服老,https://space.bilibili.com/171191705
珍大户,https://space.bilibili.com/355327690
窝头是个暴脾气,https://space.bilibili.com/320818292
战忽智库,https://space.bilibili.com/452161580
Asaki大人,https://space.bilibili.com/194484313
脱缰凯Kk,https://space.bilibili.com/373388923
SCP基金会中国,https://space.bilibili.com/872507
河南共青团,https://space.bilibili.com/323194278
洛丽塔大哥lolita,https://space.bilibili.com/27959806
猫耳FM,https://space.bilibili.com/11491546
小孙ATOM,https://space.bilibili.com/201488550
吃货明3,https://space.bilibili.com/216623621
雷军,https://space.bilibili.com/646730844
爱画画的子衿,https://space.bilibili.com/508752914
福乐小哥,https://space.bilibili.com/92568184
酷玩实验室,https://space.bilibili.com/90920075
陈一丁Dingslook,https://space.bilibili.com/245742750
YouTube英语学习,https://space.bilibili.com/433406580
小老虎的泰国行,https://space.bilibili.com/95012810
小南QAQ,https://space.bilibili.com/144709395
萝王2号,https://space.bilibili.com/11264229
大胖和软软,https://space.bilibili.com/7956629
汉水丑生侯伟,https://space.bilibili.com/519546088
红色激情,https://space.bilibili.com/25422790
洛杉矶嬴政W,https://space.bilibili.com/41637666
浅澄月,https://space.bilibili.com/8034163
动漫作业本,https://space.bilibili.com/488779255
远古黑金,https://space.bilibili.com/158119101
陈大白,https://space.bilibili.com/51031539
数学超人math,https://space.bilibili.com/44059482
钉钉DingTalk,https://space.bilibili.com/481393564
齐天大肾余潇洒,https://space.bilibili.com/5293668
推背兔の,https://space.bilibili.com/96070394
晓观队长,https://space.bilibili.com/207261582
快乐烧烤屋屋长,https://space.bilibili.com/319656701
阿哈哈哈哈哈黑猫警长,https://space.bilibili.com/287468649
能量君andy,https://space.bilibili.com/545795620
一英儿,https://space.bilibili.com/632207543
玉渊谭天,https://space.bilibili.com/335850246
钱丢丢-,https://space.bilibili.com/12820125
CSGO官方赛事,https://space.bilibili.com/474595627
轩墨宝宝,https://space.bilibili.com/8491103
熬一耶ye,https://space.bilibili.com/395415494
steam游戏资讯,https://space.bilibili.com/15782465
黝黑蜗壳天眼老师,https://space.bilibili.com/14068111
世界美食official,https://space.bilibili.com/1007043700
利利川,https://space.bilibili.com/11799651
深夜徐老师,https://space.bilibili.com/25782796
淮秀帮,https://space.bilibili.com/20706631
大天搞笑配音,https://space.bilibili.com/138894648
粗犷毛线君,https://space.bilibili.com/12394995
谷谷永不咕咕,https://space.bilibili.com/719238
vansamaofficial,https://space.bilibili.com/477631979
小豆蔻儿,https://space.bilibili.com/26253404
笑cry的小仙爷,https://space.bilibili.com/6534506
赵露思,https://space.bilibili.com/522383007
月影Yancie,https://space.bilibili.com/3186399
林簌SUSU,https://space.bilibili.com/7223194
考研英语田静,https://space.bilibili.com/526106597
洛少爷,https://space.bilibili.com/1447574
大米评测,https://space.bilibili.com/8372353
矮油王老六,https://space.bilibili.com/605544858
无期迷途,https://space.bilibili.com/647409444
扁豆看电影,https://space.bilibili.com/33488229
央视纪录,https://space.bilibili.com/72209046
国际华语辩论邀请赛,https://space.bilibili.com/257958427
陈吃饭_,https://space.bilibili.com/75912367
千万不要买,https://space.bilibili.com/348640514
爱否科技FView,https://space.bilibili.com/7458285
良田田田,https://space.bilibili.com/480959917
果子哥哥工作室,https://space.bilibili.com/32606879
Zhan丨,https://space.bilibili.com/173469252
鬼叔黍,https://space.bilibili.com/38568774
往往老布,https://space.bilibili.com/578425533
玩音乐的EZ,https://space.bilibili.com/37880130
李青仪,https://space.bilibili.com/4379633
平安小财娘,https://space.bilibili.com/643873396
BML制作指挥部,https://space.bilibili.com/403748305
Piano莱特,https://space.bilibili.com/13677047
眞白花音_Official,https://space.bilibili.com/401480763
Linksphotograph,https://space.bilibili.com/3816626
自动鬼畜中的WZ,https://space.bilibili.com/16054375
许嵩,https://space.bilibili.com/647208864
扶桑大红花丶,https://space.bilibili.com/3985676
田逾欢sirius,https://space.bilibili.com/13826185
猫店,https://space.bilibili.com/24314825
秋山官方账号,https://space.bilibili.com/531481791
出格字幕组,https://space.bilibili.com/2177677
YJango,https://space.bilibili.com/344849038
深空之眼手游,https://space.bilibili.com/471259688
notyour_kei,https://space.bilibili.com/283753310
侃哥侃英语,https://space.bilibili.com/1607984338
江湖举人,https://space.bilibili.com/9303228
贪玩歌姬小宁子,https://space.bilibili.com/27899754
杨可爱Ukulele,https://space.bilibili.com/249608727
柴知道,https://space.bilibili.com/26798384
聂小倩她老板,https://space.bilibili.com/431615976
翼下之风动漫,https://space.bilibili.com/8580411
English-Crazy,https://space.bilibili.com/1823466601
小可儿,https://space.bilibili.com/185546
丸子,https://space.bilibili.com/75
创意摄影师Jordi,https://space.bilibili.com/1985428914
中文系五匪子,https://space.bilibili.com/7920565
陶阿狗君,https://space.bilibili.com/17364274
杂乱无章MessUp,https://space.bilibili.com/291415305
是当归哦,https://space.bilibili.com/351477766
拯救世界的狗子,https://space.bilibili.com/553425
internet-boy,https://space.bilibili.com/415403269
LPL战术小黑板,https://space.bilibili.com/594534726
十二礼,https://space.bilibili.com/7655977
考研数学武忠祥老师,https://space.bilibili.com/688379639
郭本尼,https://space.bilibili.com/8365699
五菱汽车,https://space.bilibili.com/439868658
沧桑丸,https://space.bilibili.com/37199377
新华社快看,https://space.bilibili.com/515155585
撸sir兰陵君,https://space.bilibili.com/353609978
陆鳐LuLu,https://space.bilibili.com/1856528671
CocoPolaris,https://space.bilibili.com/449144107
吃鸡陪玩酱,https://space.bilibili.com/35304890
AlanWalker官方频道,https://space.bilibili.com/474390659
大师的菜,https://space.bilibili.com/236711132
凉湉子的日常,https://space.bilibili.com/1873791750
国家大剧院,https://space.bilibili.com/544126329
天真的和感伤的小说家,https://space.bilibili.com/314521322
咸鱼_栗,https://space.bilibili.com/37349250
PS教程,https://space.bilibili.com/413315783
阿緯超勇der,https://space.bilibili.com/451959062
音阙诗听,https://space.bilibili.com/55775966
CSGO久菜合子,https://space.bilibili.com/437744340
硬核奇点,https://space.bilibili.com/508959410
吸奇侠,https://space.bilibili.com/414350632
羊羊羊PD,https://space.bilibili.com/255263412
一木一叶造景-老李,https://space.bilibili.com/674289730
涛哥测评,https://space.bilibili.com/2522486
仲尼Johnny777,https://space.bilibili.com/28278842
阿尔贝莱特,https://space.bilibili.com/403038375
巴黎小郭郭,https://space.bilibili.com/1747545839
稻草放毒,https://space.bilibili.com/444348914
机智的碎月,https://space.bilibili.com/2063605
HOPICO,https://space.bilibili.com/261485584
梁永安,https://space.bilibili.com/699492406
HiiroVTuber,https://space.bilibili.com/508963009
瘦不了猫,https://space.bilibili.com/152015773
超级小華,https://space.bilibili.com/933478
陈抱一,https://space.bilibili.com/3530725
张若宇,https://space.bilibili.com/568699244
作文素材每日读,https://space.bilibili.com/565157366
天才职业故事,https://space.bilibili.com/437092963
元气骑士,https://space.bilibili.com/87721937
了不起De中国人,https://space.bilibili.com/404194769
自律的悍匪,https://space.bilibili.com/73820664
老撕鸡,https://space.bilibili.com/46622315
方锦龙,https://space.bilibili.com/430969192
树林同学-,https://space.bilibili.com/373103803
Beluga,https://space.bilibili.com/89042331
边牧陈贝拉,https://space.bilibili.com/2091493365
Tocci椭奇,https://space.bilibili.com/7375428
雨说体育徐静雨,https://space.bilibili.com/306936843
楽小漫,https://space.bilibili.com/378034
浙江共青团,https://space.bilibili.com/384298638
三个猪鼓励,https://space.bilibili.com/667710632
CCTV_国家宝藏,https://space.bilibili.com/258844831
领克汽车,https://space.bilibili.com/231896831
-谢安然-,https://space.bilibili.com/21876627
国防时报TV,https://space.bilibili.com/189866857
吐嚎影院,https://space.bilibili.com/14333871
CRAZY262,https://space.bilibili.com/324879
艾尔十六,https://space.bilibili.com/3211302
卓卓脑婆,https://space.bilibili.com/1726597059
历史老师定哥,https://space.bilibili.com/321084528
没睡醒的阿阳,https://space.bilibili.com/38669766
多拉的十九N,https://space.bilibili.com/37746255
季不助,https://space.bilibili.com/1271453507
GoldenEggs,https://space.bilibili.com/13337125
BettySays,https://space.bilibili.com/6302909
假装讲电影,https://space.bilibili.com/407275913
啊粥粥啊粥,https://space.bilibili.com/8096990
尹正,https://space.bilibili.com/492628109
冲浪达人阿怡,https://space.bilibili.com/16248639
四夕小田木_已黑化_,https://space.bilibili.com/424658638
火影忍者手游情报君,https://space.bilibili.com/441897078
小包小包i,https://space.bilibili.com/77257482
玩偶菌,https://space.bilibili.com/216844
C戈体态矫正,https://space.bilibili.com/489117797
张镇辉台球教学,https://space.bilibili.com/88895225
超级小桀的日常,https://space.bilibili.com/29440965
说书人竹公子,https://space.bilibili.com/355272906
是桃大,https://space.bilibili.com/479409514
有机社会,https://space.bilibili.com/13736113
跑步的子章老师,https://space.bilibili.com/451645162
银临,https://space.bilibili.com/2460656
哀是麦子的球迷,https://space.bilibili.com/4370617
小饭中年事件簿,https://space.bilibili.com/145149047
麦咾源Bingo,https://space.bilibili.com/8894149
凌识啊,https://space.bilibili.com/3040178
考研斯基,https://space.bilibili.com/431748468
-欣小萌有点亏-,https://space.bilibili.com/365135915
七颗猩猩QKXX,https://space.bilibili.com/1659651634
小鹿绅士,https://space.bilibili.com/406472610
TheShy,https://space.bilibili.com/1923246745
武志红讲心理,https://space.bilibili.com/508670955
美国曹操来了,https://space.bilibili.com/526294618
_源姨_,https://space.bilibili.com/207702731
朵朵花林,https://space.bilibili.com/297344797
Henry的小木屋,https://space.bilibili.com/384939011
七创社7doc,https://space.bilibili.com/15770782
一之濑asuka,https://space.bilibili.com/41273726
KleinerPixel,https://space.bilibili.com/349888821
CCTV6放映室,https://space.bilibili.com/1596341281
星球研究所,https://space.bilibili.com/326427334
鸣潮,https://space.bilibili.com/1955897084
团宠酸奶妹,https://space.bilibili.com/30725416
崩坏3,https://space.bilibili.com/256667467
建筑姬Ling,https://space.bilibili.com/111927934
碧诗,https://space.bilibili.com/2
小橙子姐姐解说,https://space.bilibili.com/35734399
庄不纯,https://space.bilibili.com/20530305
喵☆酱,https://space.bilibili.com/1677445
爆裂菊是也,https://space.bilibili.com/920713
索尼中国,https://space.bilibili.com/1429723107
大大大灯泡,https://space.bilibili.com/4128618
井上正大-官方,https://space.bilibili.com/1257649129
AIChannel中国绊爱,https://space.bilibili.com/484322035
大连老湿王博文,https://space.bilibili.com/56065480
Hacksmith,https://space.bilibili.com/696648800
人类早期驯服,https://space.bilibili.com/474267806
济公爷爷_游本昌,https://space.bilibili.com/346353480
坤哥物理,https://space.bilibili.com/11265345
亲爱的嘉倩,https://space.bilibili.com/388362147
Chimera君,https://space.bilibili.com/748709
一人厨,https://space.bilibili.com/380096134
聒噪的山海君,https://space.bilibili.com/69112541
Mmxgxg,https://space.bilibili.com/402370368
小砍丶,https://space.bilibili.com/3946987
幕川北,https://space.bilibili.com/29252533
楚钧艾克,https://space.bilibili.com/277827884
叫俺旭儿,https://space.bilibili.com/1790040146
ElenaLin_青青,https://space.bilibili.com/5128788
JJALTOON,https://space.bilibili.com/507866514
杨旭游记,https://space.bilibili.com/513305949
小琨爱小蛊,https://space.bilibili.com/50111839
菜园一只猪猪,https://space.bilibili.com/376666642
-橘子公主,https://space.bilibili.com/331479456
那就叫王师傅吧,https://space.bilibili.com/352431409
学法联盟,https://space.bilibili.com/650966649
柳行长,https://space.bilibili.com/23326926
超极氪,https://space.bilibili.com/330246090
唐迟老师,https://space.bilibili.com/501016517
-柠萌菌-,https://space.bilibili.com/124735327
生命幻象,https://space.bilibili.com/742365
段炼丶Exercise,https://space.bilibili.com/93735099
yizhilugou,https://space.bilibili.com/439004370
尤超白,https://space.bilibili.com/383444910
慧小媛,https://space.bilibili.com/454780088
柳青瑶本尊,https://space.bilibili.com/30954515
仇仇qiuqiu,https://space.bilibili.com/25954179
知竹zZ,https://space.bilibili.com/30652169
D级人员零,https://space.bilibili.com/2031534141
BigShot英语,https://space.bilibili.com/1589382178
爱吃榴莲的小吴同学,https://space.bilibili.com/35757240
CSGO国服,https://space.bilibili.com/48455786
快乐的台长,https://space.bilibili.com/9354231
未定事件簿,https://space.bilibili.com/436175352
卧龙寺,https://space.bilibili.com/258457966
看电影了没,https://space.bilibili.com/82366241
演员李广奇,https://space.bilibili.com/1528617278
小马逛吃,https://space.bilibili.com/236093103
YXECG游戏资讯,https://space.bilibili.com/1393437
坂本叔,https://space.bilibili.com/227933
疯狂大笑总,https://space.bilibili.com/378828200
Upspeed盛嘉成,https://space.bilibili.com/86439234
胥渡吧,https://space.bilibili.com/8112659
p老板开饭了,https://space.bilibili.com/11452660
鹿小草QAQ,https://space.bilibili.com/98573631
幻想家姜时一,https://space.bilibili.com/353495419
穿胖次的狐狸,https://space.bilibili.com/256763
曹小灵比比叨,https://space.bilibili.com/298753342
AriaAndBrandon,https://space.bilibili.com/39242150
AHALOLO,https://space.bilibili.com/353368172
灵魂健身杨老师,https://space.bilibili.com/16419172
在下易某很细,https://space.bilibili.com/254420382
杨颜同学,https://space.bilibili.com/755824
iPanda熊猫频道,https://space.bilibili.com/1998535
含亮老师,https://space.bilibili.com/1833524110
一条正弦,https://space.bilibili.com/11733609
BiBiPiano,https://space.bilibili.com/419743655
熊乐乐大魔王,https://space.bilibili.com/107278647
阿男的食谱,https://space.bilibili.com/86138838
皮蜥蜥,https://space.bilibili.com/35386084
江鸽北主任,https://space.bilibili.com/343086372
帅你一脸毛蛋,https://space.bilibili.com/3331521
一颗咕咕星,https://space.bilibili.com/38606568
早稻叽,https://space.bilibili.com/1950658
廖泽蓝_,https://space.bilibili.com/245124971
周扒片,https://space.bilibili.com/301717426
风声君,https://space.bilibili.com/198748058
中正评测,https://space.bilibili.com/178047796
蒂姆嘟嘟Tim,https://space.bilibili.com/20951119
逍飞free,https://space.bilibili.com/99740565
拂菻坊,https://space.bilibili.com/15834498
T1-Faker,https://space.bilibili.com/677063300
开眼视频App,https://space.bilibili.com/20423027
阿里达摩院扫地僧,https://space.bilibili.com/483104470
女神进化论HiBetterMe,https://space.bilibili.com/53386126
小巫酱w,https://space.bilibili.com/2691287
方芳的快乐生活,https://space.bilibili.com/649019192
猫之城,https://space.bilibili.com/517027781
甘子七,https://space.bilibili.com/406517693
眼见为识,https://space.bilibili.com/430948380
王七四-,https://space.bilibili.com/37563879
黑旗团队,https://space.bilibili.com/111095065
